address,region,english_symbol,classification,german_address,evidence,resolution_method
0xc026,WRAM,wChannelSoundIDs,IDENTICAL_ADDRESS,0xc026,ROM offset 0x90a1 (bank 2): identical opcode+operand bytes 2126c0 in both ROMs,direct_symbol_match
0xc2f4,WRAM,wSpritePikachuStateData2MapY,IDENTICAL_ADDRESS,0xc2f4,ROM offset 0xfcccb (bank 63): identical opcode+operand bytes faf4c2 in both ROMs,direct_symbol_match
0xc2f5,WRAM,wSpritePikachuStateData2MapX,IDENTICAL_ADDRESS,0xc2f5,ROM offset 0xfccd9 (bank 63): identical opcode+operand bytes faf5c2 in both ROMs,direct_symbol_match
0xc4e1,WRAM,wTileMap+321,IDENTICAL_ADDRESS,0xc4e1,ROM offset 0x1748 (bank 0): identical opcode+operand bytes 21e1c4 in both ROMs,direct_rom_evidence
0xc4e2,WRAM,wTileMap+322,IDENTICAL_ADDRESS,0xc4e2,ROM offset 0xe4c95 (bank 57): identical opcode+operand bytes 11e2c4 in both ROMs,direct_rom_evidence
0xc4e3,WRAM,wTileMap+323,IDENTICAL_ADDRESS,0xc4e3,"structural inference: base symbol wTileMap is IDENTICAL_ADDRESS in German (ROM offset 0xb63 (bank 0): identical opcode+operand bytes 11a0c3 in both ROMs) — offset 323 applied unverified, not independently confirmed",structural_inference
0xc4e4,WRAM,wTileMap+324,IDENTICAL_ADDRESS,0xc4e4,"structural inference: base symbol wTileMap is IDENTICAL_ADDRESS in German (ROM offset 0xb63 (bank 0): identical opcode+operand bytes 11a0c3 in both ROMs) — offset 324 applied unverified, not independently confirmed",structural_inference
0xc4e5,WRAM,wTileMap+325,IDENTICAL_ADDRESS,0xc4e5,"structural inference: base symbol wTileMap is IDENTICAL_ADDRESS in German (ROM offset 0xb63 (bank 0): identical opcode+operand bytes 11a0c3 in both ROMs) — offset 325 applied unverified, not independently confirmed",structural_inference
0xc4e6,WRAM,wTileMap+326,IDENTICAL_ADDRESS,0xc4e6,"structural inference: base symbol wTileMap is IDENTICAL_ADDRESS in German (ROM offset 0xb63 (bank 0): identical opcode+operand bytes 11a0c3 in both ROMs) — offset 326 applied unverified, not independently confirmed",structural_inference
0xc4e7,WRAM,wTileMap+327,IDENTICAL_ADDRESS,0xc4e7,"structural inference: base symbol wTileMap is IDENTICAL_ADDRESS in German (ROM offset 0xb63 (bank 0): identical opcode+operand bytes 11a0c3 in both ROMs) — offset 327 applied unverified, not independently confirmed",structural_inference
0xc4e8,WRAM,wTileMap+328,IDENTICAL_ADDRESS,0xc4e8,"structural inference: base symbol wTileMap is IDENTICAL_ADDRESS in German (ROM offset 0xb63 (bank 0): identical opcode+operand bytes 11a0c3 in both ROMs) — offset 328 applied unverified, not independently confirmed",structural_inference
0xc4e9,WRAM,wTileMap+329,RELOCATED,0xc4e7,"ROM offset 0x3cfd6 (bank 15): same opcode (0x21) at the same site, operand changed from 0xc4e9 to 0xc4e7",direct_rom_evidence
0xc4ea,WRAM,wTileMap+330,IDENTICAL_ADDRESS,0xc4ea,ROM offset 0x21505 (bank 8): identical opcode+operand bytes 21eac4 in both ROMs,direct_rom_evidence
0xc4eb,WRAM,wTileMap+331,IDENTICAL_ADDRESS,0xc4eb,"structural inference: base symbol wTileMap is IDENTICAL_ADDRESS in German (ROM offset 0xb63 (bank 0): identical opcode+operand bytes 11a0c3 in both ROMs) — offset 331 applied unverified, not independently confirmed",structural_inference
0xc4ec,WRAM,wTileMap+332,IDENTICAL_ADDRESS,0xc4ec,"structural inference: base symbol wTileMap is IDENTICAL_ADDRESS in German (ROM offset 0xb63 (bank 0): identical opcode+operand bytes 11a0c3 in both ROMs) — offset 332 applied unverified, not independently confirmed",structural_inference
0xc4ed,WRAM,wTileMap+333,IDENTICAL_ADDRESS,0xc4ed,"structural inference: base symbol wTileMap is IDENTICAL_ADDRESS in German (ROM offset 0xb63 (bank 0): identical opcode+operand bytes 11a0c3 in both ROMs) — offset 333 applied unverified, not independently confirmed",structural_inference
0xc4ee,WRAM,wTileMap+334,IDENTICAL_ADDRESS,0xc4ee,"structural inference: base symbol wTileMap is IDENTICAL_ADDRESS in German (ROM offset 0xb63 (bank 0): identical opcode+operand bytes 11a0c3 in both ROMs) — offset 334 applied unverified, not independently confirmed",structural_inference
0xc4ef,WRAM,wTileMap+335,IDENTICAL_ADDRESS,0xc4ef,"structural inference: base symbol wTileMap is IDENTICAL_ADDRESS in German (ROM offset 0xb63 (bank 0): identical opcode+operand bytes 11a0c3 in both ROMs) — offset 335 applied unverified, not independently confirmed",structural_inference
0xc4f0,WRAM,wTileMap+336,IDENTICAL_ADDRESS,0xc4f0,"structural inference: base symbol wTileMap is IDENTICAL_ADDRESS in German (ROM offset 0xb63 (bank 0): identical opcode+operand bytes 11a0c3 in both ROMs) — offset 336 applied unverified, not independently confirmed",structural_inference
0xc4f1,WRAM,wTileMap+337,IDENTICAL_ADDRESS,0xc4f1,ROM offset 0x214f7 (bank 8): identical opcode+operand bytes 21f1c4 in both ROMs,direct_rom_evidence
0xc5d1,WRAM,wSurfingMinigameRoutineNumber,IDENTICAL_ADDRESS,0xc5d1,ROM offset 0xf8085 (bank 62): identical opcode+operand bytes fad1c5 in both ROMs,direct_symbol_match
0xc5dc,WRAM,wSurfingMinigameTotalScore,IDENTICAL_ADDRESS,0xc5dc,ROM offset 0xa989 (bank 2): identical opcode+operand bytes 31dcc5 in both ROMs,direct_symbol_match
0xc5dd,WRAM,wSurfingMinigameTotalScore+1,IDENTICAL_ADDRESS,0xc5dd,"structural inference: base symbol wSurfingMinigameTotalScore is IDENTICAL_ADDRESS in German (ROM offset 0xa989 (bank 2): identical opcode+operand bytes 31dcc5 in both ROMs) — offset 1 applied unverified, not independently confirmed",structural_inference
0xccd3,WRAM,wCanEvolveFlags,IDENTICAL_ADDRESS,0xccd3,ROM offset 0xc9e (bank 0): identical opcode+operand bytes ead3cc in both ROMs,direct_symbol_match
0xcf2c,WRAM,wStatusScreenHPBarColor+8(past declared size 1),RELOCATED,0xcf31,"dynamic runtime confirmation (2026-08-12, BizHawk, write breakpoint on candidate 0xCF31): fired while entering and while exiting the Pokemon party menu; one captured hit showed A=04 at the write instruction (PC ~0x5A99, `ld [hl],a`) with only Pikachu in the party -- consistent with the party-menu HP-bar-color loop index write at this aliased byte (wCopyingSGBTileData/wWhichPartyMenuHPBar/wPalPacket). Multi-slot 0..5 cycling wasn't observed only because a single-Pokemon party gives no further slots to cycle through, not evidence against the mapping. Prior structural inference (base+5, cross-validated against French's independently confirmed write-breakpoint result at the same semantic site) is now independently confirmed for German.",direct_dynamic_evidence
0xcfc3,WRAM,wFontLoaded,RELOCATED,0xcfc8,"ROM offset 0x14033 (bank 5): same opcode (0xfa) at the same site, operand changed from 0xcfc3 to 0xcfc8",direct_symbol_match
0xcfe4,WRAM,wEnemyMonSpecies,RELOCATED,0xcfe9,"ROM offset 0x4129 (bank 1): same opcode (0xfa) at the same site, operand changed from 0xcfe4 to 0xcfe9",direct_symbol_match
0xd013,WRAM,wBattleMonSpecies,RELOCATED,0xd018,"ROM offset 0x3c7c4 (bank 15): same opcode (0xfa) at the same site, operand changed from 0xd013 to 0xd018",direct_symbol_match
0xd056,WRAM,wIsInBattle,RELOCATED,0xd05b,"ROM offset 0x3f8 (bank 0): same opcode (0xfa) at the same site, operand changed from 0xd056 to 0xd05b",direct_symbol_match
0xd157,WRAM,wPlayerName,RELOCATED,0xd15c,"ROM offset 0x17c8 (bank 0): same opcode (0x11) at the same site, operand changed from 0xd157 to 0xd15c",direct_symbol_match
0xd162,WRAM,wPartyCount,RELOCATED,0xd167,"ROM offset 0x120d (bank 0): same opcode (0xfa) at the same site, operand changed from 0xd162 to 0xd167",direct_symbol_match
0xd163,WRAM,wPartySpecies,RELOCATED,0xd168,"ROM offset 0x127c (bank 0): same opcode (0x21) at the same site, operand changed from 0xd163 to 0xd168",direct_symbol_match
0xd164,WRAM,wPartySpecies+1,RELOCATED,0xd169,"structural inference: base symbol wPartySpecies is RELOCATED in German (ROM offset 0x127c (bank 0): same opcode (0x21) at the same site, operand changed from 0xd163 to 0xd168) — offset 1 applied unverified, not independently confirmed",structural_inference
0xd165,WRAM,wPartySpecies+2,RELOCATED,0xd16a,"structural inference: base symbol wPartySpecies is RELOCATED in German (ROM offset 0x127c (bank 0): same opcode (0x21) at the same site, operand changed from 0xd163 to 0xd168) — offset 2 applied unverified, not independently confirmed",structural_inference
0xd166,WRAM,wPartySpecies+3,RELOCATED,0xd16b,"structural inference: base symbol wPartySpecies is RELOCATED in German (ROM offset 0x127c (bank 0): same opcode (0x21) at the same site, operand changed from 0xd163 to 0xd168) — offset 3 applied unverified, not independently confirmed",structural_inference
0xd167,WRAM,wPartySpecies+4,RELOCATED,0xd16c,"structural inference: base symbol wPartySpecies is RELOCATED in German (ROM offset 0x127c (bank 0): same opcode (0x21) at the same site, operand changed from 0xd163 to 0xd168) — offset 4 applied unverified, not independently confirmed",structural_inference
0xd168,WRAM,wPartySpecies+5,RELOCATED,0xd16d,"structural inference: base symbol wPartySpecies is RELOCATED in German (ROM offset 0x127c (bank 0): same opcode (0x21) at the same site, operand changed from 0xd163 to 0xd168) — offset 5 applied unverified, not independently confirmed",structural_inference
0xd172,WRAM,wPartyMon1Moves,RELOCATED,0xd177,"ROM offset 0x2fd45 (bank 11): same opcode (0x21) at the same site, operand changed from 0xd172 to 0xd177",direct_symbol_match
0xd173,WRAM,wPartyMon1Moves+1,RELOCATED,0xd178,"structural inference: base symbol wPartyMon1Moves is RELOCATED in German (ROM offset 0x2fd45 (bank 11): same opcode (0x21) at the same site, operand changed from 0xd172 to 0xd177) — offset 1 applied unverified, not independently confirmed",structural_inference
0xd174,WRAM,wPartyMon1Moves+2,RELOCATED,0xd179,"structural inference: base symbol wPartyMon1Moves is RELOCATED in German (ROM offset 0x2fd45 (bank 11): same opcode (0x21) at the same site, operand changed from 0xd172 to 0xd177) — offset 2 applied unverified, not independently confirmed",structural_inference
0xd175,WRAM,wPartyMon1Moves+3,RELOCATED,0xd17a,"structural inference: base symbol wPartyMon1Moves is RELOCATED in German (ROM offset 0x2fd45 (bank 11): same opcode (0x21) at the same site, operand changed from 0xd172 to 0xd177) — offset 3 applied unverified, not independently confirmed",structural_inference
0xd18b,WRAM,wPartyMon1Level,RELOCATED,0xd190,"ROM offset 0x70230 (bank 28): same opcode (0x21) at the same site, operand changed from 0xd18b to 0xd190",direct_symbol_match
0xd1b7,WRAM,wPartyMon2Level,RELOCATED,0xd1bc,"ROM offset 0xf54c0 (bank 61): same opcode (0xfa) at the same site, operand changed from 0xd1b7 to 0xd1bc",direct_symbol_match
0xd1e3,WRAM,wPartyMon3Level,RELOCATED,0xd1e8,"ROM offset 0xf54ce (bank 61): same opcode (0xfa) at the same site, operand changed from 0xd1e3 to 0xd1e8",direct_symbol_match
0xd20f,WRAM,wPartyMon4Level,RELOCATED,0xd214,"wPartyMon4Level: wPartyMon1Level (0xd18b->0xd190, 6 sites), wPartyMon2Level (0xd1b7->0xd1bc, 3 sites), wPartyMon3Level (0xd1e3->0xd1e8, 3 sites) are each independently, directly RELOCATED +5 -- three separate elements of the same fixed 44-byte-stride (0x2c) struct array, not one base extrapolated alone. No English self-reference exists for slots 4-6 (only slots 1-3 have dedicated level-check code), so this is cross-element structural inference from 3 confirmed array members, not a single unverified base.",structural_inference
0xd23b,WRAM,wPartyMon5Level,RELOCATED,0xd240,"wPartyMon5Level: wPartyMon1Level (0xd18b->0xd190, 6 sites), wPartyMon2Level (0xd1b7->0xd1bc, 3 sites), wPartyMon3Level (0xd1e3->0xd1e8, 3 sites) are each independently, directly RELOCATED +5 -- three separate elements of the same fixed 44-byte-stride (0x2c) struct array, not one base extrapolated alone. No English self-reference exists for slots 4-6 (only slots 1-3 have dedicated level-check code), so this is cross-element structural inference from 3 confirmed array members, not a single unverified base.",structural_inference
0xd267,WRAM,wPartyMon6Level,RELOCATED,0xd26c,"wPartyMon6Level: wPartyMon1Level (0xd18b->0xd190, 6 sites), wPartyMon2Level (0xd1b7->0xd1bc, 3 sites), wPartyMon3Level (0xd1e3->0xd1e8, 3 sites) are each independently, directly RELOCATED +5 -- three separate elements of the same fixed 44-byte-stride (0x2c) struct array, not one base extrapolated alone. No English self-reference exists for slots 4-6 (only slots 1-3 have dedicated level-check code), so this is cross-element structural inference from 3 confirmed array members, not a single unverified base.",structural_inference
0xd2f6,WRAM,wPokedexOwned,RELOCATED,0xd2fb,"ROM offset 0xd615 (bank 3): same opcode (0x21) at the same site, operand changed from 0xd2f6 to 0xd2fb",direct_symbol_match
0xd2f7,WRAM,wPokedexOwned+1,RELOCATED,0xd2fc,"structural inference: base symbol wPokedexOwned is RELOCATED in German (ROM offset 0xd615 (bank 3): same opcode (0x21) at the same site, operand changed from 0xd2f6 to 0xd2fb) — offset 1 applied unverified, not independently confirmed",structural_inference
0xd2f8,WRAM,wPokedexOwned+2,RELOCATED,0xd2fd,"structural inference: base symbol wPokedexOwned is RELOCATED in German (ROM offset 0xd615 (bank 3): same opcode (0x21) at the same site, operand changed from 0xd2f6 to 0xd2fb) — offset 2 applied unverified, not independently confirmed",structural_inference
0xd2f9,WRAM,wPokedexOwned+3,RELOCATED,0xd2fe,"dynamic runtime confirmation (2026-08-12, BizHawk, catch Raichu): German 0xD2FE observed 01 -> 03 (gained bit 0x02) exactly on Raichu capture, at the predicted +5 offset. Prior structural_inference (base symbol wPokedexOwned RELOCATED +5, offset unverified) is now independently confirmed for this specific byte.",direct_dynamic_evidence
0xd2fa,WRAM,wPokedexOwned+4,RELOCATED,0xd2ff,"structural inference: base symbol wPokedexOwned is RELOCATED in German (ROM offset 0xd615 (bank 3): same opcode (0x21) at the same site, operand changed from 0xd2f6 to 0xd2fb) — offset 4 applied unverified, not independently confirmed",structural_inference
0xd2fb,WRAM,wPokedexOwned+5,RELOCATED,0xd300,"structural inference: base symbol wPokedexOwned is RELOCATED in German (ROM offset 0xd615 (bank 3): same opcode (0x21) at the same site, operand changed from 0xd2f6 to 0xd2fb) — offset 5 applied unverified, not independently confirmed",structural_inference
0xd2fc,WRAM,wPokedexOwned+6,RELOCATED,0xd301,"structural inference: base symbol wPokedexOwned is RELOCATED in German (ROM offset 0xd615 (bank 3): same opcode (0x21) at the same site, operand changed from 0xd2f6 to 0xd2fb) — offset 6 applied unverified, not independently confirmed",structural_inference
0xd2fd,WRAM,wPokedexOwned+7,RELOCATED,0xd302,"structural inference: base symbol wPokedexOwned is RELOCATED in German (ROM offset 0xd615 (bank 3): same opcode (0x21) at the same site, operand changed from 0xd2f6 to 0xd2fb) — offset 7 applied unverified, not independently confirmed",structural_inference
0xd2fe,WRAM,wPokedexOwned+8,RELOCATED,0xd303,"structural inference: base symbol wPokedexOwned is RELOCATED in German (ROM offset 0xd615 (bank 3): same opcode (0x21) at the same site, operand changed from 0xd2f6 to 0xd2fb) — offset 8 applied unverified, not independently confirmed",structural_inference
0xd2ff,WRAM,wPokedexOwned+9,RELOCATED,0xd304,"dynamic runtime confirmation (2026-08-12, BizHawk, catch Rapidash): German 0xD304 observed 00 -> 20 (gained bit 0x20) exactly on Rapidash capture, at the predicted +5 offset. Prior structural_inference (base symbol wPokedexOwned RELOCATED +5, offset unverified) is now independently confirmed for this specific byte.",direct_dynamic_evidence
0xd300,WRAM,wPokedexOwned+10,RELOCATED,0xd305,"dynamic runtime confirmation (2026-08-12, BizHawk, catch Magnemite): German 0xD305 observed 00 -> 01 (gained bit 0x01) exactly on Magnemite capture, at the predicted +5 offset. Prior structural_inference (base symbol wPokedexOwned RELOCATED +5, offset unverified) is now independently confirmed for this specific byte.",direct_dynamic_evidence
0xd301,WRAM,wPokedexOwned+11,RELOCATED,0xd306,"dynamic runtime confirmation (2026-08-12, BizHawk, catch Gastly): German 0xD306 observed 00 -> 08 (gained bit 0x08) exactly on Gastly capture, at the predicted +5 offset. Prior structural_inference (base symbol wPokedexOwned RELOCATED +5, offset unverified) is now independently confirmed for this specific byte.",direct_dynamic_evidence
0xd302,WRAM,wPokedexOwned+12,RELOCATED,0xd307,"structural inference: base symbol wPokedexOwned is RELOCATED in German (ROM offset 0xd615 (bank 3): same opcode (0x21) at the same site, operand changed from 0xd2f6 to 0xd2fb) — offset 12 applied unverified, not independently confirmed",structural_inference
0xd303,WRAM,wPokedexOwned+13,RELOCATED,0xd308,"dynamic runtime confirmation (2026-08-12, BizHawk, catch Hitmonlee): German 0xD308 observed 00 -> 02 (gained bit 0x02) exactly on Hitmonlee capture, at the predicted +5 offset. Prior structural_inference (base symbol wPokedexOwned RELOCATED +5, offset unverified) is now independently confirmed for this specific byte.",direct_dynamic_evidence
0xd304,WRAM,wPokedexOwned+14,RELOCATED,0xd309,"structural inference: base symbol wPokedexOwned is RELOCATED in German (ROM offset 0xd615 (bank 3): same opcode (0x21) at the same site, operand changed from 0xd2f6 to 0xd2fb) — offset 14 applied unverified, not independently confirmed",structural_inference
0xd305,WRAM,wPokedexOwned+15,RELOCATED,0xd30a,"structural inference: base symbol wPokedexOwned is RELOCATED in German (ROM offset 0xd615 (bank 3): same opcode (0x21) at the same site, operand changed from 0xd2f6 to 0xd2fb) — offset 15 applied unverified, not independently confirmed",structural_inference
0xd306,WRAM,wPokedexOwned+16,RELOCATED,0xd30b,"structural inference: base symbol wPokedexOwned is RELOCATED in German (ROM offset 0xd615 (bank 3): same opcode (0x21) at the same site, operand changed from 0xd2f6 to 0xd2fb) — offset 16 applied unverified, not independently confirmed",structural_inference
0xd307,WRAM,wPokedexOwned+17,RELOCATED,0xd30c,"structural inference: base symbol wPokedexOwned is RELOCATED in German (ROM offset 0xd615 (bank 3): same opcode (0x21) at the same site, operand changed from 0xd2f6 to 0xd2fb) — offset 17 applied unverified, not independently confirmed",structural_inference
0xd308,WRAM,wPokedexOwned+18,RELOCATED,0xd30d,"structural inference: base symbol wPokedexOwned is RELOCATED in German (ROM offset 0xd615 (bank 3): same opcode (0x21) at the same site, operand changed from 0xd2f6 to 0xd2fb) — offset 18 applied unverified, not independently confirmed",structural_inference
0xd309,WRAM,wPokedexSeen,RELOCATED,0xd30e,"ROM offset 0x4008d (bank 16): same opcode (0x21) at the same site, operand changed from 0xd309 to 0xd30e",direct_symbol_match
0xd30a,WRAM,wPokedexSeen+1,RELOCATED,0xd30f,"dynamic runtime confirmation (2026-08-12, BizHawk, see Weedle): German 0xD30F observed 80 -> 90 (gained bit 0x10) exactly on Weedle seen, at the predicted +5 offset. Prior structural_inference (base symbol wPokedexSeen RELOCATED +5, offset unverified) is now independently confirmed for this specific byte.",direct_dynamic_evidence
0xd30b,WRAM,wPokedexSeen+2,RELOCATED,0xd310,"structural inference: base symbol wPokedexSeen is RELOCATED in German (ROM offset 0x4008d (bank 16): same opcode (0x21) at the same site, operand changed from 0xd309 to 0xd30e) — offset 2 applied unverified, not independently confirmed",structural_inference
0xd30c,WRAM,wPokedexSeen+3,RELOCATED,0xd311,"structural inference: base symbol wPokedexSeen is RELOCATED in German (ROM offset 0x4008d (bank 16): same opcode (0x21) at the same site, operand changed from 0xd309 to 0xd30e) — offset 3 applied unverified, not independently confirmed",structural_inference
0xd30d,WRAM,wPokedexSeen+4,RELOCATED,0xd312,"structural inference: base symbol wPokedexSeen is RELOCATED in German (ROM offset 0x4008d (bank 16): same opcode (0x21) at the same site, operand changed from 0xd309 to 0xd30e) — offset 4 applied unverified, not independently confirmed",structural_inference
0xd30e,WRAM,wPokedexSeen+5,RELOCATED,0xd313,"structural inference: base symbol wPokedexSeen is RELOCATED in German (ROM offset 0x4008d (bank 16): same opcode (0x21) at the same site, operand changed from 0xd309 to 0xd30e) — offset 5 applied unverified, not independently confirmed",structural_inference
0xd30f,WRAM,wPokedexSeen+6,RELOCATED,0xd314,"structural inference: base symbol wPokedexSeen is RELOCATED in German (ROM offset 0x4008d (bank 16): same opcode (0x21) at the same site, operand changed from 0xd309 to 0xd30e) — offset 6 applied unverified, not independently confirmed",structural_inference
0xd310,WRAM,wPokedexSeen+7,RELOCATED,0xd315,"structural inference: base symbol wPokedexSeen is RELOCATED in German (ROM offset 0x4008d (bank 16): same opcode (0x21) at the same site, operand changed from 0xd309 to 0xd30e) — offset 7 applied unverified, not independently confirmed",structural_inference
0xd311,WRAM,wPokedexSeen+8,RELOCATED,0xd316,"structural inference: base symbol wPokedexSeen is RELOCATED in German (ROM offset 0x4008d (bank 16): same opcode (0x21) at the same site, operand changed from 0xd309 to 0xd30e) — offset 8 applied unverified, not independently confirmed",structural_inference
0xd312,WRAM,wPokedexSeen+9,RELOCATED,0xd317,"structural inference: base symbol wPokedexSeen is RELOCATED in German (ROM offset 0x4008d (bank 16): same opcode (0x21) at the same site, operand changed from 0xd309 to 0xd30e) — offset 9 applied unverified, not independently confirmed",structural_inference
0xd313,WRAM,wPokedexSeen+10,RELOCATED,0xd318,"structural inference: base symbol wPokedexSeen is RELOCATED in German (ROM offset 0x4008d (bank 16): same opcode (0x21) at the same site, operand changed from 0xd309 to 0xd30e) — offset 10 applied unverified, not independently confirmed",structural_inference
0xd314,WRAM,wPokedexSeen+11,RELOCATED,0xd319,"structural inference: base symbol wPokedexSeen is RELOCATED in German (ROM offset 0x4008d (bank 16): same opcode (0x21) at the same site, operand changed from 0xd309 to 0xd30e) — offset 11 applied unverified, not independently confirmed",structural_inference
0xd315,WRAM,wPokedexSeen+12,RELOCATED,0xd31a,"dynamic runtime confirmation (2026-08-12, BizHawk, see Cubone): German 0xD31A observed 00 -> 80 (gained bit 0x80) exactly on Cubone seen, at the predicted +5 offset. Prior structural_inference (base symbol wPokedexSeen RELOCATED +5, offset unverified) is now independently confirmed for this specific byte.",direct_dynamic_evidence
0xd316,WRAM,wPokedexSeen+13,RELOCATED,0xd31b,"structural inference: base symbol wPokedexSeen is RELOCATED in German (ROM offset 0x4008d (bank 16): same opcode (0x21) at the same site, operand changed from 0xd309 to 0xd30e) — offset 13 applied unverified, not independently confirmed",structural_inference
0xd317,WRAM,wPokedexSeen+14,RELOCATED,0xd31c,"structural inference: base symbol wPokedexSeen is RELOCATED in German (ROM offset 0x4008d (bank 16): same opcode (0x21) at the same site, operand changed from 0xd309 to 0xd30e) — offset 14 applied unverified, not independently confirmed",structural_inference
0xd318,WRAM,wPokedexSeen+15,RELOCATED,0xd31d,"structural inference: base symbol wPokedexSeen is RELOCATED in German (ROM offset 0x4008d (bank 16): same opcode (0x21) at the same site, operand changed from 0xd309 to 0xd30e) — offset 15 applied unverified, not independently confirmed",structural_inference
0xd319,WRAM,wPokedexSeen+16,RELOCATED,0xd31e,"structural inference: base symbol wPokedexSeen is RELOCATED in German (ROM offset 0x4008d (bank 16): same opcode (0x21) at the same site, operand changed from 0xd309 to 0xd30e) — offset 16 applied unverified, not independently confirmed",structural_inference
0xd31a,WRAM,wPokedexSeen+17,RELOCATED,0xd31f,"structural inference: base symbol wPokedexSeen is RELOCATED in German (ROM offset 0x4008d (bank 16): same opcode (0x21) at the same site, operand changed from 0xd309 to 0xd30e) — offset 17 applied unverified, not independently confirmed",structural_inference
0xd31b,WRAM,wPokedexSeen+18,RELOCATED,0xd320,"ROM offset 0x4022c (bank 16): same opcode (0x21) at the same site, operand changed from 0xd31b to 0xd320",direct_rom_evidence
0xd355,WRAM,wObtainedBadges,RELOCATED,0xd35a,"ROM offset 0x19061 (bank 6): same opcode (0xfa) at the same site, operand changed from 0xd355 to 0xd35a",direct_symbol_match
0xd357,WRAM,wLetterPrintingDelayFlags,RELOCATED,0xd35c,"ROM offset 0x4160 (bank 1): same opcode (0xea) at the same site, operand changed from 0xd357 to 0xd35c",direct_symbol_match
0xd35a,WRAM,wMapMusicSoundID,RELOCATED,0xd35f,"ROM offset 0xe9e (bank 0): same opcode (0xea) at the same site, operand changed from 0xd35a to 0xd35f",direct_symbol_match
0xd35c,WRAM,wMapPalOffset,RELOCATED,0xd361,"ROM offset 0x573 (bank 0): same opcode (0xea) at the same site, operand changed from 0xd35c to 0xd361",direct_symbol_match
0xd35d,WRAM,wCurMap,RELOCATED,0xd362,"ROM offset 0x42a (bank 0): same opcode (0xfa) at the same site, operand changed from 0xd35d to 0xd362",direct_symbol_match
0xd360,WRAM,wYCoord,RELOCATED,0xd365,"ROM offset 0x4ca (bank 0): same opcode (0xfa) at the same site, operand changed from 0xd360 to 0xd365",direct_symbol_match
0xd361,WRAM,wXCoord,RELOCATED,0xd366,"ROM offset 0x4ce (bank 0): same opcode (0xfa) at the same site, operand changed from 0xd361 to 0xd366",direct_symbol_match
0xd437,WRAM,wPikachuFollowCommandBuffer,RELOCATED,0xd43c,"ROM offset 0xfcb9b (bank 63): same opcode (0x21) at the same site, operand changed from 0xd437 to 0xd43c",direct_symbol_match
0xd450,WRAM,wCurPikaMovementFunc2,RELOCATED,0xd455,"ROM offset 0xfd315 (bank 63): same opcode (0xea) at the same site, operand changed from 0xd450 to 0xd455",direct_symbol_match
0xd46f,WRAM,wPikachuHappiness,RELOCATED,0xd474,"ROM offset 0x1cf5f (bank 7): same opcode (0xfa) at the same site, operand changed from 0xd46f to 0xd474",direct_symbol_match
0xd470,WRAM,wPikachuMood,RELOCATED,0xd475,"ROM offset 0xc4de (bank 3): same opcode (0x21) at the same site, operand changed from 0xd470 to 0xd475",direct_symbol_match
0xd5a1,WRAM,wNumHoFTeams,RELOCATED,0xd5a6,"ROM offset 0x2137e (bank 8): same opcode (0xfa) at the same site, operand changed from 0xd5a1 to 0xd5a6",direct_symbol_match
0xd664,WRAM,wSSAnne2FCurScript,RELOCATED,0xd669,"6 of 7 English reference sites (bank 24, SSAnne2F.asm own read/write block: offsets 0x613f0, 0x613fa, 0x6144e, 0x6149c, 0x614e1, 0x61505) show same opcode at same site, operand +5 to 0xd669. Only 1 of 7 sites (bank 11, offset 0x2e882, opcode 0x08 ld (nn),sp) is byte-identical -- a coincidental unrelated match, not evidence the address is unshifted. Corrects prior single-site IDENTICAL_ADDRESS reading (the exact failure mode French disproved on this same symbol).",direct_rom_evidence
0xd6ff,WRAM,wWalkBikeSurfState,RELOCATED,0xd704,"ROM offset 0x38d (bank 0): same opcode (0xfa) at the same site, operand changed from 0xd6ff to 0xd704",direct_symbol_match
0xd70c,WRAM,wFossilItem,RELOCATED,0xd711,"ROM offset 0xc290 (bank 3): same opcode (0x11) at the same site, operand changed from 0xd70c to 0xd711",direct_symbol_match
0xd71a,WRAM,wTileInFrontOfBoulderAndBoulderCollisionResult,RELOCATED,0xd71f,"RESOLVED 2026-08-12 via corrected site-identical-instruction match (not naive delta bracketing). The single English absolute-address xref at ROM offset 0xF6E8 (`ld a,$FF / ld [$D71A],a`) sits in the new-game-data-initialization block, immediately followed byte-for-byte by `ld a,$5A / ld [wPikachuHappiness],a` and `ld a,$80 / ld [wPikachuMood],a` (both independently already RELOCATED +5 elsewhere in address_mapping.csv). Direct byte comparison: EN 0xf6e6-0xf6f4 = `3e ff ea 1a d7 3e 5a ea 6f d4 3e 80 ea 70 d4`; DE 0xf6d9-0xf6e7 = `3e ff ea 1f d7 3e 5a ea 74 d4 3e 80 ea ...` -- identical opcode sequence, every operand shifted by exactly +5 in lockstep (D71A->D71F, D46F->D474, D470->D475), confirming D71A->D71F structurally. Earlier live write-breakpoint test on 0xD71F during Strength/boulder gameplay found no hits -- that is now explained, not contradicted: this write only fires once, during new-save-file creation (naming screen / player-ID + Pikachu-defaults init), never during ordinary play on an existing save, so a boulder-push test could never have triggered it. Separately, a source comment on the adjacent symbol (`wUnusedPlayerDataByte:: db ; initialized to $ff, but nothing ever reads it`, one byte earlier at EN D719) combined with a whole-ROM scan finding zero other literal-address references anywhere to D71A is consistent with this byte's real behavior: set once to $FF at new-game creation and never read or written again for the rest of the game -- matching how the RA leaderboard (ID 175, Speedrun) actually uses it (`d0xhd71a=255`, a static previous-value-was-$FF gate, not a dynamic per-push collision check). A live dynamic confirmation of D71F would require starting a brand-new save file (not available mid-playthrough); static confidence from the site-identical instruction match is high enough that this is not treated as blocking.",direct_rom_evidence
0xd736,WRAM,wCompletedInGameTradeFlags+1,RELOCATED,0xd73b,"structural inference: base symbol wCompletedInGameTradeFlags is RELOCATED in German (ROM offset 0x39a (bank 0): same opcode (0x21) at the same site, operand changed from 0xd735 to 0xd73a) — offset 1 applied unverified, not independently confirmed",structural_inference
0xd737,WRAM,wCompletedInGameTradeFlags+2(past declared size 2),RELOCATED,0xd73c,"wCompletedInGameTradeFlags is declared as a 2-byte dw in ram/wram.asm followed by an explicit 2-byte ds pad (this address range, 0xd737-0xd738) before wWarpedFromWhichWarp -- offset+2 is unnamed padding, not a mislabeled 3rd trade-flag byte. Bracketed on the left by wCompletedInGameTradeFlags itself (0xd735->0xd73a, 37 corroborating sites) and on the right by wWarpedFromWhichMap (0xd73a->0xd73f, 4 sites) with wStatusFlags7/wElite4Flags also +5 further left -- no anomaly detected anywhere in this stretch (unlike the confirmed 0xcf08 local +6 perturbation elsewhere), so +5 is applied by bracketing, not by extending a single base past its declared size.",structural_bracketing
0xd74d,WRAM,wEventFlags+8,RELOCATED,0xd752,"ROM offset 0x1c823 (bank 7): same opcode (0x21) at the same site, operand changed from 0xd74d to 0xd752",direct_rom_evidence
0xd759,WRAM,wEventFlags+20,RELOCATED,0xd75e,"ROM offset 0x195b4 (bank 6): same opcode (0xfa) at the same site, operand changed from 0xd759 to 0xd75e",direct_rom_evidence
0xd763,WRAM,wEventFlags+30,RELOCATED,0xd768,"ROM offset 0x60510 (bank 24): same opcode (0xfa) at the same site, operand changed from 0xd763 to 0xd768",direct_rom_evidence
0xd7b0,WRAM,wEventFlags+107,RELOCATED,0xd7b5,"resolved 2026-08-12 via fresh direct German ROM evidence (not Italian): all 9 English bank-23 xref sites (0x5cc79/0x5cc87/0x5ccdf/0x5cce4/0x5cd3b/...) have byte-drifted at their original offsets, but a full bank-23 scan of the German ROM finds exactly 9 sites referencing 0xd7b5 (the +5 candidate), same opcode pattern (fa/ea) at each, offsets shifted by a consistent small amount from the English sites -- 9-for-9 count match in the correct bank is strong corroborating evidence for +5.",direct_rom_evidence
0xd7c5,WRAM,wEventFlags+128,RELOCATED,0xd476,"ROM offset 0xf218c (bank 60): same opcode (0xfa) at the same site, operand changed from 0xd7c5 to 0xd476",direct_rom_evidence
0xd7d6,WRAM,wEventFlags+145,RELOCATED,0xd7db,"dynamic runtime confirmation (2026-08-12, BizHawk, Route 12 trainer battles): watched German 0xD7DB accumulate 00 -> 04 -> 0C across successive Route 12 trainer defeats while the old weak same-address candidate 0xD7D6 stayed 00 throughout -- matches the +5 delta of the surrounding wEventFlags block exactly. Prior IDENTICAL_ADDRESS classification (site-identical opcode bytes at ROM offset 0x262bb, bank 9) is disproved by this observation and superseded.",direct_dynamic_evidence
0xd7d7,WRAM,wEventFlags+146,RELOCATED,0xd7dc,"ROM offset 0x594b5 (bank 22): same opcode (0x21) at the same site, operand changed from 0xd7d7 to 0xd7dc",direct_rom_evidence
0xd7d8,WRAM,wEventFlags+147,RELOCATED,0xd7dd,"resolved 2026-08-12 via structural_bracketing: confirmed zero literal xrefs to this address in EITHER ROM (not a mapping failure -- source (macros/scripts/events.asm EventFlagBit/CheckEventReuseHL) confirms interior bytes of a multi-trainer-flag run are reached via `inc hl` continuation from a neighboring byte's literal HL-load, never their own literal address, same category as the Pokedex sparse-pattern rows). Flanked on both sides by independently direct-ROM-evidenced +5 neighbors with no anomaly in between: wEventFlags+146 (0xd7d7->0xd7dc, direct_rom_evidence) on the left, wEventFlags+151 (0xd7dc->0xd7e1, direct_rom_evidence, resolved this session) on the right -- same bracketing standard already used elsewhere in this map (wCompletedInGameTradeFlags+2, wEventFlags+286/287/289).",structural_bracketing
0xd7d9,WRAM,wEventFlags+148,RELOCATED,0xd7de,"resolved 2026-08-12 via structural_bracketing (same basis as wEventFlags+147, see that row): zero literal xrefs in either ROM (interior byte, no event constants assigned to any of its 8 bits per event_constants.asm -- entirely unused, consistent with never being addressed literally); bracketed by wEventFlags+146 (0xd7d7->0xd7dc) and wEventFlags+151 (0xd7dc->0xd7e1), both direct_rom_evidence, no anomaly in between.",structural_bracketing
0xd7da,WRAM,wEventFlags+149,RELOCATED,0xd7df,"resolved 2026-08-12 via structural_bracketing (same basis as wEventFlags+147, see that row): zero literal xrefs in either ROM (interior byte, HL-continuation addressing); bracketed by wEventFlags+146 (0xd7d7->0xd7dc) and wEventFlags+151 (0xd7dc->0xd7e1), both direct_rom_evidence, no anomaly in between.",structural_bracketing
0xd7db,WRAM,wEventFlags+150,RELOCATED,0xd7e0,"resolved 2026-08-12 via structural_bracketing (same basis as wEventFlags+147, see that row): zero literal xrefs in either ROM (interior byte, HL-continuation addressing); bracketed by wEventFlags+146 (0xd7d7->0xd7dc) and wEventFlags+151 (0xd7dc->0xd7e1), both direct_rom_evidence, no anomaly in between.",structural_bracketing
0xd7dc,WRAM,wEventFlags+151,RELOCATED,0xd7e1,"resolved 2026-08-12 via fresh direct German ROM evidence (not Italian, superseding the stale CANDIDATE note): of the 4 English xref sites (bank 8: 0x22ecb/0x22ee6; bank 18: 0x495e9/0x49615), the 2 bank-18 sites have German counterparts at 0xd7e1 (the +5 candidate) with the identical opcode at a consistent nearby offset (0x495e9->0x495ec `fa`, 0x49615->0x49618 `21`) -- a genuine 2-site same-opcode corroboration, the same evidence standard used elsewhere in this map (e.g. wDestinationMap). The 2 bank-8 sites have simply drifted to unrelated bytes in German (that bank has independent text-driven code drift elsewhere) -- not contradicting evidence, just unmatched.",direct_rom_evidence
0xd7dd,WRAM,wEventFlags+152,RELOCATED,0xd7e2,"resolved 2026-08-12 via structural_bracketing (same basis as wEventFlags+147, see that row): zero literal xrefs in either ROM (interior byte, HL-continuation addressing); bracketed by wEventFlags+151 (0xd7dc->0xd7e1, direct_rom_evidence, resolved this session) on the left. Note: no independently-evidenced neighbor exists immediately to the right within the 131-address RA set to complete a two-sided bracket, so this row leans on the left bracket plus the now-doubly-confirmed uniform +5 pattern across the whole wEventFlags array (Route 12 dynamic confirmation + every other resolved offset in this array showing +5, zero exceptions found).",structural_bracketing
0xd7ea,WRAM,wEventFlags+165,RELOCATED,0xd7ef,"ROM offset 0x1c879 (bank 7): same opcode (0x21) at the same site, operand changed from 0xd7ea to 0xd7ef",direct_rom_evidence
0xd7f5,WRAM,wEventFlags+176,RELOCATED,0xd7fa,"ROM offset 0x19bf5 (bank 6): same opcode (0xfa) at the same site, operand changed from 0xd7f5 to 0xd7fa",direct_rom_evidence
0xd81a,WRAM,wEventFlags+213,RELOCATED,0xd81f,"ROM offset 0x45510 (bank 17): same opcode (0x21) at the same site, operand changed from 0xd81a to 0xd81f",direct_rom_evidence
0xd82e,WRAM,wEventFlags+233,RELOCATED,0xd833,"resolved 2026-08-12 via fresh direct German ROM evidence (not Italian, superseding the stale CANDIDATE note): both English bank-20 xref sites (0x51c65 `fa`, 0x51d03 `21`) have German counterparts referencing 0xd833 (the +5 candidate) at the same opcode, same bank, nearby offset (0x51c5e, 0x51cfc) -- a clean 2-for-2 same-opcode corroboration.",direct_rom_evidence
0xd837,WRAM,wEventFlags+242,RELOCATED,0xd83c,"ROM offset 0x1a339 (bank 6): same opcode (0xfa) at the same site, operand changed from 0xd837 to 0xd83c",direct_rom_evidence
0xd862,WRAM,wEventFlags+285,RELOCATED,0xd867,"ROM offset 0x19d6c (bank 6): same opcode (0x21) at the same site, operand changed from 0xd862 to 0xd867",direct_rom_evidence
0xd863,WRAM,wEventFlags+286,RELOCATED,0xd868,"wEventFlags+286: tightly bracketed by wEventFlags+285 (0xd862->0xd867, direct same-site-different-operand evidence) and wEventFlags+288 (0xd865->0xd86a, direct same-site-different-operand evidence), 1-3 bytes away on each side, no anomaly detected in between. Supporting context only, not proof: Italian own dynamic BizHawk test (T17, versions/italian/evidence/dynamic_test_targets.csv) independently confirmed this exact byte cluster (Bruno/Agatha/Rival-Final elite-four flags) as RELOCATED +5 in a live run.",structural_bracketing
0xd864,WRAM,wEventFlags+287,RELOCATED,0xd869,"wEventFlags+287: tightly bracketed by wEventFlags+285 (0xd862->0xd867, direct same-site-different-operand evidence) and wEventFlags+288 (0xd865->0xd86a, direct same-site-different-operand evidence), 1-3 bytes away on each side, no anomaly detected in between. Supporting context only, not proof: Italian own dynamic BizHawk test (T17, versions/italian/evidence/dynamic_test_targets.csv) independently confirmed this exact byte cluster (Bruno/Agatha/Rival-Final elite-four flags) as RELOCATED +5 in a live run.",structural_bracketing
0xd865,WRAM,wEventFlags+288,RELOCATED,0xd86a,"ROM offset 0x5a267 (bank 22): same opcode (0xfa) at the same site, operand changed from 0xd865 to 0xd86a",direct_rom_evidence
0xd866,WRAM,wEventFlags+289,RELOCATED,0xd86b,"wEventFlags+289: tightly bracketed by wEventFlags+285 (0xd862->0xd867, direct same-site-different-operand evidence) and wEventFlags+288 (0xd865->0xd86a, direct same-site-different-operand evidence), 1-3 bytes away on each side, no anomaly detected in between. Supporting context only, not proof: Italian own dynamic BizHawk test (T17, versions/italian/evidence/dynamic_test_targets.csv) independently confirmed this exact byte cluster (Bruno/Agatha/Rival-Final elite-four flags) as RELOCATED +5 in a live run.",structural_bracketing
0xda40,WRAM,wPlayTimeHours,RELOCATED,0xda45,"TrackPlayTime routine (home/play_time.asm) intact in German ROM bank 0 (file offset 0x1ee0-0x1f80 vs English 0x1ee0-0x1f80): whole 5-symbol cluster byte-diffed as one block, both main-increment path and .maxIGT overflow-clamp tail agree -- uniform +5. Corrects prior single-coincidental-site reading (+7).",direct_rom_evidence
0xda42,WRAM,wPlayTimeMinutes,RELOCATED,0xda47,"TrackPlayTime block evidence (see wPlayTimeHours 0xda40 for full block dump) -- ld a,($da47) / ld ($da47),a at the Minutes rollover site, +5, corroborated by the .maxIGT tail's ea47da write.",direct_rom_evidence
0xda43,WRAM,wPlayTimeSeconds,RELOCATED,0xda48,"TrackPlayTime block evidence -- fa48da/ea48da at the Seconds rollover site and again in the .maxIGT tail (ld a,59 / ld ($da48),a), +5. Corrects prior single-coincidental-site reading (IDENTICAL_ADDRESS, +0).",direct_rom_evidence
0xda44,WRAM,wPlayTimeFrames,RELOCATED,0xda49,"TrackPlayTime routine intact in German ROM bank 0: whole 5-symbol cluster byte-diffed as one block, both main-increment path and .maxIGT tail agree -- uniform +5. Corrects prior single-coincidental-site reading (+2).",direct_rom_evidence
0xfff5,HRAM,hOnCGB+1(past declared size 1),IDENTICAL_ADDRESS,0xfff5,ROM offset 0xc026 (bank 3): identical LDH opcode+offset in both ROMs,direct_rom_evidence
