address,region,english_symbol,classification,spanish_address,evidence,resolution_method
0xc026,WRAM,wChannelSoundIDs,IDENTICAL_ADDRESS,0xc026,ROM offset 0x90a1 (bank 2): identical opcode+operand bytes 2126c0 in both ROMs,direct_symbol_match
0xc2f4,WRAM,wSpritePikachuStateData2MapY,IDENTICAL_ADDRESS,0xc2f4,ROM offset 0xfcccb (bank 63): identical opcode+operand bytes faf4c2 in both ROMs,direct_symbol_match
0xc2f5,WRAM,wSpritePikachuStateData2MapX,IDENTICAL_ADDRESS,0xc2f5,ROM offset 0xfccd9 (bank 63): identical opcode+operand bytes faf5c2 in both ROMs,direct_symbol_match
0xc4e1,WRAM,wTileMap+321,IDENTICAL_ADDRESS,0xc4e1,ROM offset 0x1748 (bank 0): identical opcode+operand bytes 21e1c4 in both ROMs,direct_rom_evidence
0xc4e2,WRAM,wTileMap+322,IDENTICAL_ADDRESS,0xc4e2,ROM offset 0xe4c95 (bank 57): identical opcode+operand bytes 11e2c4 in both ROMs,direct_rom_evidence
0xc4e3,WRAM,wTileMap+323,IDENTICAL_ADDRESS,0xc4e3,"structural inference: base symbol wTileMap is IDENTICAL_ADDRESS in Spanish (ROM offset 0xb63 (bank 0): identical opcode+operand bytes 11a0c3 in both ROMs) — offset 323 applied unverified, not independently confirmed",structural_inference
0xc4e4,WRAM,wTileMap+324,IDENTICAL_ADDRESS,0xc4e4,"structural inference: base symbol wTileMap is IDENTICAL_ADDRESS in Spanish (ROM offset 0xb63 (bank 0): identical opcode+operand bytes 11a0c3 in both ROMs) — offset 324 applied unverified, not independently confirmed",structural_inference
0xc4e5,WRAM,wTileMap+325,IDENTICAL_ADDRESS,0xc4e5,"structural inference: base symbol wTileMap is IDENTICAL_ADDRESS in Spanish (ROM offset 0xb63 (bank 0): identical opcode+operand bytes 11a0c3 in both ROMs) — offset 325 applied unverified, not independently confirmed",structural_inference
0xc4e6,WRAM,wTileMap+326,IDENTICAL_ADDRESS,0xc4e6,"structural inference: base symbol wTileMap is IDENTICAL_ADDRESS in Spanish (ROM offset 0xb63 (bank 0): identical opcode+operand bytes 11a0c3 in both ROMs) — offset 326 applied unverified, not independently confirmed",structural_inference
0xc4e7,WRAM,wTileMap+327,IDENTICAL_ADDRESS,0xc4e7,"structural inference: base symbol wTileMap is IDENTICAL_ADDRESS in Spanish (ROM offset 0xb63 (bank 0): identical opcode+operand bytes 11a0c3 in both ROMs) — offset 327 applied unverified, not independently confirmed",structural_inference
0xc4e8,WRAM,wTileMap+328,IDENTICAL_ADDRESS,0xc4e8,"structural inference: base symbol wTileMap is IDENTICAL_ADDRESS in Spanish (ROM offset 0xb63 (bank 0): identical opcode+operand bytes 11a0c3 in both ROMs) — offset 328 applied unverified, not independently confirmed",structural_inference
0xc4e9,WRAM,wTileMap+329,IDENTICAL_ADDRESS,0xc4e9,ROM offset 0x3cfd6 (bank 15): identical opcode+operand bytes 21e9c4 in both ROMs,direct_rom_evidence
0xc4ea,WRAM,wTileMap+330,IDENTICAL_ADDRESS,0xc4ea,"recon's RELOCATED (delta +1280, 0xc9ea) is a single-site opcode-0x08 (LD (nn),SP) coincidence at bank-0 offset 0x3b5 -- an unrelated stack-pointer save, same false-positive class as wPlayTimeHours/wSSAnne2FCurScript/wEventFlags+145 elsewhere in this triage; wTileMap is well below the 0xcf07 relocation boundary (confirmed IDENTICAL_ADDRESS c000-cf06 throughout address_mapping.csv) and is bracketed on both sides by directly-and structurally-evidenced IDENTICAL_ADDRESS neighbors (wTileMap+329 c4e9, wTileMap+331 c4eb)",structural_bracketing
0xc4eb,WRAM,wTileMap+331,IDENTICAL_ADDRESS,0xc4eb,"structural inference: base symbol wTileMap is IDENTICAL_ADDRESS in Spanish (ROM offset 0xb63 (bank 0): identical opcode+operand bytes 11a0c3 in both ROMs) — offset 331 applied unverified, not independently confirmed",structural_inference
0xc4ec,WRAM,wTileMap+332,IDENTICAL_ADDRESS,0xc4ec,"structural inference: base symbol wTileMap is IDENTICAL_ADDRESS in Spanish (ROM offset 0xb63 (bank 0): identical opcode+operand bytes 11a0c3 in both ROMs) — offset 332 applied unverified, not independently confirmed",structural_inference
0xc4ed,WRAM,wTileMap+333,IDENTICAL_ADDRESS,0xc4ed,"structural inference: base symbol wTileMap is IDENTICAL_ADDRESS in Spanish (ROM offset 0xb63 (bank 0): identical opcode+operand bytes 11a0c3 in both ROMs) — offset 333 applied unverified, not independently confirmed",structural_inference
0xc4ee,WRAM,wTileMap+334,IDENTICAL_ADDRESS,0xc4ee,"structural inference: base symbol wTileMap is IDENTICAL_ADDRESS in Spanish (ROM offset 0xb63 (bank 0): identical opcode+operand bytes 11a0c3 in both ROMs) — offset 334 applied unverified, not independently confirmed",structural_inference
0xc4ef,WRAM,wTileMap+335,IDENTICAL_ADDRESS,0xc4ef,"structural inference: base symbol wTileMap is IDENTICAL_ADDRESS in Spanish (ROM offset 0xb63 (bank 0): identical opcode+operand bytes 11a0c3 in both ROMs) — offset 335 applied unverified, not independently confirmed",structural_inference
0xc4f0,WRAM,wTileMap+336,IDENTICAL_ADDRESS,0xc4f0,"structural inference: base symbol wTileMap is IDENTICAL_ADDRESS in Spanish (ROM offset 0xb63 (bank 0): identical opcode+operand bytes 11a0c3 in both ROMs) — offset 336 applied unverified, not independently confirmed",structural_inference
0xc4f1,WRAM,wTileMap+337,IDENTICAL_ADDRESS,0xc4f1,"structural inference: base symbol wTileMap is IDENTICAL_ADDRESS in Spanish (ROM offset 0xb63 (bank 0): identical opcode+operand bytes 11a0c3 in both ROMs) — offset 337 applied unverified, not independently confirmed",structural_inference
0xc5d1,WRAM,wSurfingMinigameRoutineNumber,IDENTICAL_ADDRESS,0xc5d1,ROM offset 0xf8085 (bank 62): identical opcode+operand bytes fad1c5 in both ROMs,direct_symbol_match
0xc5dc,WRAM,wSurfingMinigameTotalScore,IDENTICAL_ADDRESS,0xc5dc,ROM offset 0xa989 (bank 2): identical opcode+operand bytes 31dcc5 in both ROMs,direct_symbol_match
0xc5dd,WRAM,wSurfingMinigameTotalScore+1,IDENTICAL_ADDRESS,0xc5dd,"structural inference: base symbol wSurfingMinigameTotalScore is IDENTICAL_ADDRESS in Spanish (ROM offset 0xa989 (bank 2): identical opcode+operand bytes 31dcc5 in both ROMs) — offset 1 applied unverified, not independently confirmed",structural_inference
0xccd3,WRAM,wCanEvolveFlags,IDENTICAL_ADDRESS,0xccd3,ROM offset 0xc9e (bank 0): identical opcode+operand bytes ead3cc in both ROMs,direct_symbol_match
0xcf2c,WRAM,wStatusScreenHPBarColor+8(past declared size 1),RELOCATED,0xcf31,"BizHawk dynamic test 2026-08-12: write breakpoint on Spanish 0xcf31 hit during party-menu/HP-bar rendering (Pokemon party screen active), reproduced across repeated menu interaction. A=04, H=CF at the write (LD [HL],A), disassembly around 0x5AB6/0x5AB7. Confirms English 0xcf2c -> Spanish 0xcf31 (+5) directly",direct_dynamic_evidence
0xcfc3,WRAM,wFontLoaded,RELOCATED,0xcfc8,"ROM offset 0x14033 (bank 5): same opcode (0xfa) at the same site, operand changed from 0xcfc3 to 0xcfc8",direct_symbol_match
0xcfe4,WRAM,wEnemyMonSpecies,RELOCATED,0xcfe9,"ROM offset 0x4129 (bank 1): same opcode (0xfa) at the same site, operand changed from 0xcfe4 to 0xcfe9",direct_symbol_match
0xd013,WRAM,wBattleMonSpecies,RELOCATED,0xd018,"ROM offset 0x3c7c4 (bank 15): same opcode (0xfa) at the same site, operand changed from 0xd013 to 0xd018",direct_symbol_match
0xd056,WRAM,wIsInBattle,RELOCATED,0xd05b,"ROM offset 0x3f8 (bank 0): same opcode (0xfa) at the same site, operand changed from 0xd056 to 0xd05b",direct_symbol_match
0xd157,WRAM,wPlayerName,RELOCATED,0xd15c,"ROM offset 0x17c8 (bank 0): same opcode (0x11) at the same site, operand changed from 0xd157 to 0xd15c",direct_symbol_match
0xd162,WRAM,wPartyCount,RELOCATED,0xd167,"ROM offset 0x120d (bank 0): same opcode (0xfa) at the same site, operand changed from 0xd162 to 0xd167",direct_symbol_match
0xd163,WRAM,wPartySpecies,RELOCATED,0xd168,"ROM offset 0x127c (bank 0): same opcode (0x21) at the same site, operand changed from 0xd163 to 0xd168",direct_symbol_match
0xd164,WRAM,wPartySpecies+1,RELOCATED,0xd169,"structural inference: base symbol wPartySpecies is RELOCATED in Spanish (ROM offset 0x127c (bank 0): same opcode (0x21) at the same site, operand changed from 0xd163 to 0xd168) — offset 1 applied unverified, not independently confirmed",structural_inference
0xd165,WRAM,wPartySpecies+2,RELOCATED,0xd16a,"structural inference: base symbol wPartySpecies is RELOCATED in Spanish (ROM offset 0x127c (bank 0): same opcode (0x21) at the same site, operand changed from 0xd163 to 0xd168) — offset 2 applied unverified, not independently confirmed",structural_inference
0xd166,WRAM,wPartySpecies+3,RELOCATED,0xd16b,"structural inference: base symbol wPartySpecies is RELOCATED in Spanish (ROM offset 0x127c (bank 0): same opcode (0x21) at the same site, operand changed from 0xd163 to 0xd168) — offset 3 applied unverified, not independently confirmed",structural_inference
0xd167,WRAM,wPartySpecies+4,RELOCATED,0xd16c,"structural inference: base symbol wPartySpecies is RELOCATED in Spanish (ROM offset 0x127c (bank 0): same opcode (0x21) at the same site, operand changed from 0xd163 to 0xd168) — offset 4 applied unverified, not independently confirmed",structural_inference
0xd168,WRAM,wPartySpecies+5,RELOCATED,0xd16d,"structural inference: base symbol wPartySpecies is RELOCATED in Spanish (ROM offset 0x127c (bank 0): same opcode (0x21) at the same site, operand changed from 0xd163 to 0xd168) — offset 5 applied unverified, not independently confirmed",structural_inference
0xd172,WRAM,wPartyMon1Moves,RELOCATED,0xd177,"ROM offset 0x2fd45 (bank 11): same opcode (0x21) at the same site, operand changed from 0xd172 to 0xd177",direct_symbol_match
0xd173,WRAM,wPartyMon1Moves+1,RELOCATED,0xd178,"structural inference: base symbol wPartyMon1Moves is RELOCATED in Spanish (ROM offset 0x2fd45 (bank 11): same opcode (0x21) at the same site, operand changed from 0xd172 to 0xd177) — offset 1 applied unverified, not independently confirmed",structural_inference
0xd174,WRAM,wPartyMon1Moves+2,RELOCATED,0xd179,"structural inference: base symbol wPartyMon1Moves is RELOCATED in Spanish (ROM offset 0x2fd45 (bank 11): same opcode (0x21) at the same site, operand changed from 0xd172 to 0xd177) — offset 2 applied unverified, not independently confirmed",structural_inference
0xd175,WRAM,wPartyMon1Moves+3,RELOCATED,0xd17a,"structural inference: base symbol wPartyMon1Moves is RELOCATED in Spanish (ROM offset 0x2fd45 (bank 11): same opcode (0x21) at the same site, operand changed from 0xd172 to 0xd177) — offset 3 applied unverified, not independently confirmed",structural_inference
0xd18b,WRAM,wPartyMon1Level,RELOCATED,0xd190,"ROM offset 0x70230 (bank 28): same opcode (0x21) at the same site, operand changed from 0xd18b to 0xd190",direct_symbol_match
0xd1b7,WRAM,wPartyMon2Level,RELOCATED,0xd1bc,"ROM offset 0xf54c0 (bank 61): same opcode (0xfa) at the same site, operand changed from 0xd1b7 to 0xd1bc",direct_symbol_match
0xd1e3,WRAM,wPartyMon3Level,RELOCATED,0xd1e8,"ROM offset 0xf54ce (bank 61): same opcode (0xfa) at the same site, operand changed from 0xd1e3 to 0xd1e8",direct_symbol_match
0xd20f,WRAM,wPartyMon4Level,RELOCATED,0xd214,"no English reference site exists at all (accessed only via base-pointer + runtime party-index-computed offset, never a per-slot literal load); cross-element structural inference from 3 INDEPENDENTLY directly-evidenced same-struct-array members -- wPartyMon1Level (d18b->d190, +5), wPartyMon2Level (d1b7->d1bc, +5), wPartyMon3Level (d1e3->d1e8, +5), all agreeing +5 on the same fixed-stride struct array -- matches German's identical resolution",structural_inference
0xd23b,WRAM,wPartyMon5Level,RELOCATED,0xd240,same cross-element reasoning as wPartyMon4Level (d20f),structural_inference
0xd267,WRAM,wPartyMon6Level,RELOCATED,0xd26c,same cross-element reasoning as wPartyMon4Level (d20f),structural_inference
0xd2f6,WRAM,wPokedexOwned,RELOCATED,0xd2fb,"ROM offset 0xd615 (bank 3): same opcode (0x21) at the same site, operand changed from 0xd2f6 to 0xd2fb",direct_symbol_match
0xd2f7,WRAM,wPokedexOwned+1,RELOCATED,0xd2fc,"structural inference: base symbol wPokedexOwned is RELOCATED in Spanish (ROM offset 0xd615 (bank 3): same opcode (0x21) at the same site, operand changed from 0xd2f6 to 0xd2fb) — offset 1 applied unverified, not independently confirmed",structural_inference
0xd2f8,WRAM,wPokedexOwned+2,RELOCATED,0xd2fd,"structural inference: base symbol wPokedexOwned is RELOCATED in Spanish (ROM offset 0xd615 (bank 3): same opcode (0x21) at the same site, operand changed from 0xd2f6 to 0xd2fb) — offset 2 applied unverified, not independently confirmed",structural_inference
0xd2f9,WRAM,wPokedexOwned+3,RELOCATED,0xd2fe,"direct_dynamic (BizHawk 2026-08-12 Pokedex Seen/Caught session): 0xD2FE mask 0x02 observed 01->03 exactly when Raichu was caught (state 2->3), confirming RELOCATED at +5 and superseding the prior structural_inference for this offset",direct_dynamic_evidence
0xd2fa,WRAM,wPokedexOwned+4,RELOCATED,0xd2ff,"structural inference: base symbol wPokedexOwned is RELOCATED in Spanish (ROM offset 0xd615 (bank 3): same opcode (0x21) at the same site, operand changed from 0xd2f6 to 0xd2fb) — offset 4 applied unverified, not independently confirmed",structural_inference
0xd2fb,WRAM,wPokedexOwned+5,RELOCATED,0xd300,"structural inference: base symbol wPokedexOwned is RELOCATED in Spanish (ROM offset 0xd615 (bank 3): same opcode (0x21) at the same site, operand changed from 0xd2f6 to 0xd2fb) — offset 5 applied unverified, not independently confirmed",structural_inference
0xd2fc,WRAM,wPokedexOwned+6,RELOCATED,0xd301,"structural inference: base symbol wPokedexOwned is RELOCATED in Spanish (ROM offset 0xd615 (bank 3): same opcode (0x21) at the same site, operand changed from 0xd2f6 to 0xd2fb) — offset 6 applied unverified, not independently confirmed",structural_inference
0xd2fd,WRAM,wPokedexOwned+7,RELOCATED,0xd302,"structural inference: base symbol wPokedexOwned is RELOCATED in Spanish (ROM offset 0xd615 (bank 3): same opcode (0x21) at the same site, operand changed from 0xd2f6 to 0xd2fb) — offset 7 applied unverified, not independently confirmed",structural_inference
0xd2fe,WRAM,wPokedexOwned+8,RELOCATED,0xd303,"structural inference: base symbol wPokedexOwned is RELOCATED in Spanish (ROM offset 0xd615 (bank 3): same opcode (0x21) at the same site, operand changed from 0xd2f6 to 0xd2fb) — offset 8 applied unverified, not independently confirmed",structural_inference
0xd2ff,WRAM,wPokedexOwned+9,RELOCATED,0xd304,"direct_dynamic (BizHawk 2026-08-12 Pokedex Seen/Caught session): 0xD304 mask 0x20 observed 00->20 exactly when Rapidash was caught, confirming RELOCATED at +5 and superseding the prior structural_inference for this offset",direct_dynamic_evidence
0xd300,WRAM,wPokedexOwned+10,RELOCATED,0xd305,"direct_dynamic (BizHawk 2026-08-12 Pokedex Seen/Caught session): 0xD305 mask 0x01 observed 00->01 exactly when Magnemite was caught, confirming RELOCATED at +5 and superseding the prior structural_inference for this offset",direct_dynamic_evidence
0xd301,WRAM,wPokedexOwned+11,RELOCATED,0xd306,"direct_dynamic (BizHawk 2026-08-12 Pokedex Seen/Caught session, bonus cross-check): 0xD306 mask 0x08 observed 00->08 exactly when Gastly was caught, confirming RELOCATED at +5 and superseding the prior unverified structural_inference for this offset",direct_dynamic_evidence
0xd302,WRAM,wPokedexOwned+12,RELOCATED,0xd307,"structural inference: base symbol wPokedexOwned is RELOCATED in Spanish (ROM offset 0xd615 (bank 3): same opcode (0x21) at the same site, operand changed from 0xd2f6 to 0xd2fb) — offset 12 applied unverified, not independently confirmed",structural_inference
0xd303,WRAM,wPokedexOwned+13,RELOCATED,0xd308,"direct_dynamic (BizHawk 2026-08-12 Pokedex Seen/Caught session): 0xD308 mask 0x02 observed 00->02 exactly when Hitmonlee was caught, confirming RELOCATED at +5 and superseding the prior structural_inference for this offset",direct_dynamic_evidence
0xd304,WRAM,wPokedexOwned+14,RELOCATED,0xd309,"structural inference: base symbol wPokedexOwned is RELOCATED in Spanish (ROM offset 0xd615 (bank 3): same opcode (0x21) at the same site, operand changed from 0xd2f6 to 0xd2fb) — offset 14 applied unverified, not independently confirmed",structural_inference
0xd305,WRAM,wPokedexOwned+15,RELOCATED,0xd30a,"structural inference: base symbol wPokedexOwned is RELOCATED in Spanish (ROM offset 0xd615 (bank 3): same opcode (0x21) at the same site, operand changed from 0xd2f6 to 0xd2fb) — offset 15 applied unverified, not independently confirmed",structural_inference
0xd306,WRAM,wPokedexOwned+16,RELOCATED,0xd30b,"structural inference: base symbol wPokedexOwned is RELOCATED in Spanish (ROM offset 0xd615 (bank 3): same opcode (0x21) at the same site, operand changed from 0xd2f6 to 0xd2fb) — offset 16 applied unverified, not independently confirmed",structural_inference
0xd307,WRAM,wPokedexOwned+17,RELOCATED,0xd30c,"structural inference: base symbol wPokedexOwned is RELOCATED in Spanish (ROM offset 0xd615 (bank 3): same opcode (0x21) at the same site, operand changed from 0xd2f6 to 0xd2fb) — offset 17 applied unverified, not independently confirmed",structural_inference
0xd308,WRAM,wPokedexOwned+18,RELOCATED,0xd30d,"structural inference: base symbol wPokedexOwned is RELOCATED in Spanish (ROM offset 0xd615 (bank 3): same opcode (0x21) at the same site, operand changed from 0xd2f6 to 0xd2fb) — offset 18 applied unverified, not independently confirmed",structural_inference
0xd309,WRAM,wPokedexSeen,RELOCATED,0xd30e,"ROM offset 0x4008d (bank 16): same opcode (0x21) at the same site, operand changed from 0xd309 to 0xd30e",direct_symbol_match
0xd30a,WRAM,wPokedexSeen+1,RELOCATED,0xd30f,"direct_dynamic (BizHawk 2026-08-12 Pokedex Seen/Caught session): 0xD30F mask 0x10 observed 80->90 exactly when Weedle was sighted (also corroborated by 0xD2FC 80->90 on catch), confirming RELOCATED at +5 and superseding the prior structural_inference for this offset",direct_dynamic_evidence
0xd30b,WRAM,wPokedexSeen+2,RELOCATED,0xd310,"structural inference: base symbol wPokedexSeen is RELOCATED in Spanish (ROM offset 0x4008d (bank 16): same opcode (0x21) at the same site, operand changed from 0xd309 to 0xd30e) — offset 2 applied unverified, not independently confirmed",structural_inference
0xd30c,WRAM,wPokedexSeen+3,RELOCATED,0xd311,"structural inference: base symbol wPokedexSeen is RELOCATED in Spanish (ROM offset 0x4008d (bank 16): same opcode (0x21) at the same site, operand changed from 0xd309 to 0xd30e) — offset 3 applied unverified, not independently confirmed",structural_inference
0xd30d,WRAM,wPokedexSeen+4,RELOCATED,0xd312,"structural inference: base symbol wPokedexSeen is RELOCATED in Spanish (ROM offset 0x4008d (bank 16): same opcode (0x21) at the same site, operand changed from 0xd309 to 0xd30e) — offset 4 applied unverified, not independently confirmed",structural_inference
0xd30e,WRAM,wPokedexSeen+5,RELOCATED,0xd313,"structural inference: base symbol wPokedexSeen is RELOCATED in Spanish (ROM offset 0x4008d (bank 16): same opcode (0x21) at the same site, operand changed from 0xd309 to 0xd30e) — offset 5 applied unverified, not independently confirmed",structural_inference
0xd30f,WRAM,wPokedexSeen+6,RELOCATED,0xd314,"structural inference: base symbol wPokedexSeen is RELOCATED in Spanish (ROM offset 0x4008d (bank 16): same opcode (0x21) at the same site, operand changed from 0xd309 to 0xd30e) — offset 6 applied unverified, not independently confirmed",structural_inference
0xd310,WRAM,wPokedexSeen+7,RELOCATED,0xd315,"structural inference: base symbol wPokedexSeen is RELOCATED in Spanish (ROM offset 0x4008d (bank 16): same opcode (0x21) at the same site, operand changed from 0xd309 to 0xd30e) — offset 7 applied unverified, not independently confirmed",structural_inference
0xd311,WRAM,wPokedexSeen+8,RELOCATED,0xd316,"structural inference: base symbol wPokedexSeen is RELOCATED in Spanish (ROM offset 0x4008d (bank 16): same opcode (0x21) at the same site, operand changed from 0xd309 to 0xd30e) — offset 8 applied unverified, not independently confirmed",structural_inference
0xd312,WRAM,wPokedexSeen+9,RELOCATED,0xd317,"structural inference: base symbol wPokedexSeen is RELOCATED in Spanish (ROM offset 0x4008d (bank 16): same opcode (0x21) at the same site, operand changed from 0xd309 to 0xd30e) — offset 9 applied unverified, not independently confirmed",structural_inference
0xd313,WRAM,wPokedexSeen+10,RELOCATED,0xd318,"structural inference: base symbol wPokedexSeen is RELOCATED in Spanish (ROM offset 0x4008d (bank 16): same opcode (0x21) at the same site, operand changed from 0xd309 to 0xd30e) — offset 10 applied unverified, not independently confirmed",structural_inference
0xd314,WRAM,wPokedexSeen+11,RELOCATED,0xd319,"structural inference: base symbol wPokedexSeen is RELOCATED in Spanish (ROM offset 0x4008d (bank 16): same opcode (0x21) at the same site, operand changed from 0xd309 to 0xd30e) — offset 11 applied unverified, not independently confirmed",structural_inference
0xd315,WRAM,wPokedexSeen+12,RELOCATED,0xd31a,"direct_dynamic (BizHawk 2026-08-12 Pokedex Seen/Caught session): 0xD31A mask 0x80 observed 00->80 exactly when Cubone was sighted (also corroborated by 0xD307 00->80 on catch), confirming RELOCATED at +5 and superseding the prior structural_inference for this offset",direct_dynamic_evidence
0xd316,WRAM,wPokedexSeen+13,RELOCATED,0xd31b,"structural inference: base symbol wPokedexSeen is RELOCATED in Spanish (ROM offset 0x4008d (bank 16): same opcode (0x21) at the same site, operand changed from 0xd309 to 0xd30e) — offset 13 applied unverified, not independently confirmed",structural_inference
0xd317,WRAM,wPokedexSeen+14,RELOCATED,0xd31c,"structural inference: base symbol wPokedexSeen is RELOCATED in Spanish (ROM offset 0x4008d (bank 16): same opcode (0x21) at the same site, operand changed from 0xd309 to 0xd30e) — offset 14 applied unverified, not independently confirmed",structural_inference
0xd318,WRAM,wPokedexSeen+15,RELOCATED,0xd31d,"structural inference: base symbol wPokedexSeen is RELOCATED in Spanish (ROM offset 0x4008d (bank 16): same opcode (0x21) at the same site, operand changed from 0xd309 to 0xd30e) — offset 15 applied unverified, not independently confirmed",structural_inference
0xd319,WRAM,wPokedexSeen+16,RELOCATED,0xd31e,"structural inference: base symbol wPokedexSeen is RELOCATED in Spanish (ROM offset 0x4008d (bank 16): same opcode (0x21) at the same site, operand changed from 0xd309 to 0xd30e) — offset 16 applied unverified, not independently confirmed",structural_inference
0xd31a,WRAM,wPokedexSeen+17,RELOCATED,0xd31f,"structural inference: base symbol wPokedexSeen is RELOCATED in Spanish (ROM offset 0x4008d (bank 16): same opcode (0x21) at the same site, operand changed from 0xd309 to 0xd30e) — offset 17 applied unverified, not independently confirmed",structural_inference
0xd31b,WRAM,wPokedexSeen+18,RELOCATED,0xd320,"ROM offset 0x4022c (bank 16): same opcode (0x21) at the same site, operand changed from 0xd31b to 0xd320",direct_rom_evidence
0xd355,WRAM,wObtainedBadges,RELOCATED,0xd35a,"ROM offset 0x19061 (bank 6): same opcode (0xfa) at the same site, operand changed from 0xd355 to 0xd35a",direct_symbol_match
0xd357,WRAM,wLetterPrintingDelayFlags,RELOCATED,0xd35c,"ROM offset 0x4160 (bank 1): same opcode (0xea) at the same site, operand changed from 0xd357 to 0xd35c",direct_symbol_match
0xd35a,WRAM,wMapMusicSoundID,RELOCATED,0xd35f,"ROM offset 0xe9e (bank 0): same opcode (0xea) at the same site, operand changed from 0xd35a to 0xd35f",direct_symbol_match
0xd35c,WRAM,wMapPalOffset,RELOCATED,0xd361,"ROM offset 0x573 (bank 0): same opcode (0xea) at the same site, operand changed from 0xd35c to 0xd361",direct_symbol_match
0xd35d,WRAM,wCurMap,RELOCATED,0xd362,"ROM offset 0x42a (bank 0): same opcode (0xfa) at the same site, operand changed from 0xd35d to 0xd362",direct_symbol_match
0xd360,WRAM,wYCoord,RELOCATED,0xd365,"ROM offset 0x4ca (bank 0): same opcode (0xfa) at the same site, operand changed from 0xd360 to 0xd365",direct_symbol_match
0xd361,WRAM,wXCoord,RELOCATED,0xd366,"ROM offset 0x4ce (bank 0): same opcode (0xfa) at the same site, operand changed from 0xd361 to 0xd366",direct_symbol_match
0xd437,WRAM,wPikachuFollowCommandBuffer,RELOCATED,0xd43c,"ROM offset 0xfcb9b (bank 63): same opcode (0x21) at the same site, operand changed from 0xd437 to 0xd43c",direct_symbol_match
0xd450,WRAM,wCurPikaMovementFunc2,RELOCATED,0xd455,"ROM offset 0xfd315 (bank 63): same opcode (0xea) at the same site, operand changed from 0xd450 to 0xd455",direct_symbol_match
0xd46f,WRAM,wPikachuHappiness,RELOCATED,0xd474,"ROM offset 0x1cf5f (bank 7): same opcode (0xfa) at the same site, operand changed from 0xd46f to 0xd474",direct_symbol_match
0xd470,WRAM,wPikachuMood,RELOCATED,0xd475,"ROM offset 0xc4de (bank 3): same opcode (0x21) at the same site, operand changed from 0xd470 to 0xd475",direct_symbol_match
0xd5a1,WRAM,wNumHoFTeams,RELOCATED,0xd5a6,"ROM offset 0x2137e (bank 8): same opcode (0xfa) at the same site, operand changed from 0xd5a1 to 0xd5a6",direct_symbol_match
0xd664,WRAM,wSSAnne2FCurScript,RELOCATED,0xd669,"6 of 7 English reference sites (all of bank 24, wSSAnne2FCurScript's own code block) show the same opcode with operand cleanly shifted d664->d669 (+5); the 1 remaining site (bank 11, offset 0x2e882, opcode 0x08 = LD (nn),SP) is an unrelated same-value coincidence, not a real reference to this symbol -- same single-site-coincidence class independently found in German for this exact symbol, same +5 resolution",direct_rom_evidence
0xd6ff,WRAM,wWalkBikeSurfState,RELOCATED,0xd704,"ROM offset 0x38d (bank 0): same opcode (0xfa) at the same site, operand changed from 0xd6ff to 0xd704",direct_symbol_match
0xd70c,WRAM,wFossilItem,RELOCATED,0xd711,"ROM offset 0xc290 (bank 3): same opcode (0x11) at the same site, operand changed from 0xd70c to 0xd711",direct_symbol_match
0xd71a,WRAM,wTileInFrontOfBoulderAndBoulderCollisionResult,RELOCATED,0xd71f,"single English reference site (bank 3, offset 0xf6e8) does not byte-match at the same file offset, but a 120-byte window diff shows the entire surrounding instruction block (LD A,$FF / LD (nn),A new-game-init sequence) is byte-identical between ROMs except shifted ~5 bytes earlier in the Spanish file, with the literal operand itself shifted d71a->d71f in lockstep (+5) -- same lockstep-block pattern independently found in German for this exact symbol, same delta",direct_rom_evidence
0xd736,WRAM,wCompletedInGameTradeFlags+1,RELOCATED,0xd73b,"structural inference: base symbol wCompletedInGameTradeFlags is RELOCATED in Spanish (ROM offset 0x39a (bank 0): same opcode (0x21) at the same site, operand changed from 0xd735 to 0xd73a) — offset 1 applied unverified, not independently confirmed",structural_inference
0xd737,WRAM,wCompletedInGameTradeFlags+2(past declared size 2),RELOCATED,0xd73c,"no English reference site exists at all (genuinely unnamed 2-byte padding after wCompletedInGameTradeFlags's real 2-byte dw, per ram/wram.asm -- source structure is language-independent); bracketed by wCompletedInGameTradeFlags+1 (d736->d73b, direct +5, 1/1 windowed site) on the left, no anomaly in the stretch -- matches German's resolution of the same symbol",structural_bracketing
0xd74d,WRAM,wEventFlags+8,RELOCATED,0xd752,"ROM offset 0x1c823 (bank 7): same opcode (0x21) at the same site, operand changed from 0xd74d to 0xd752",direct_rom_evidence
0xd759,WRAM,wEventFlags+20,RELOCATED,0xd75e,"ROM offset 0x195b4 (bank 6): same opcode (0xfa) at the same site, operand changed from 0xd759 to 0xd75e",direct_rom_evidence
0xd763,WRAM,wEventFlags+30,RELOCATED,0xd768,"ROM offset 0x60510 (bank 24): same opcode (0xfa) at the same site, operand changed from 0xd763 to 0xd768",direct_rom_evidence
0xd7b0,WRAM,wEventFlags+107,RELOCATED,0xd7b5,"all 9 English reference sites (bank 23) fail an exact same-offset byte match (surrounding code region restructured), but a windowed search (+/-80 bytes) finds the candidate operand d7b5 at the same opcode in all 9/9 sites, each a consistent local shift -- matches German's independently-derived 9/9 resolution for this exact symbol",direct_rom_evidence
0xd7c5,WRAM,wEventFlags+128,RELOCATED,0xd7ca,"BizHawk dynamic test 2026-08-12 (Fish Out Of Water / Mt. Moon Pokemon Center): watch range 0xd7c0-0xd7cf, baseline 0xd7ca=00, 0xd7ca=80 (bit 7 set) immediately after the interaction; 0xd7c5 (old English-coincidental address) stayed 00 throughout. Confirms English 0xd7c5 -> Spanish 0xd7ca (+5) directly",direct_dynamic_evidence
0xd7d6,WRAM,wEventFlags+145,RELOCATED,0xd7db,"BizHawk dynamic test 2026-08-12: live Spanish ROM captures at 0xd7db across the Route 12 trainer gauntlet -- baseline 00, 04 after trainer #1 (bit 2 set), 0C after trainer #2 (bit 3 additionally set), progression 00->04->0C. Exactly reproduces the transition independently observed in German at this same symbol (bit 2 then bit 3). Confirms English 0xd7d6 -> Spanish 0xd7db (+5) directly, superseding the prior windowed-only (2/3 site) static lean",direct_dynamic_evidence
0xd7d7,WRAM,wEventFlags+146,RELOCATED,0xd7dc,"ROM offset 0x594b5 (bank 22): same opcode (0x21) at the same site, operand changed from 0xd7d7 to 0xd7dc",direct_rom_evidence
0xd7d8,WRAM,wEventFlags+147,RELOCATED,0xd7dd,"no English reference site exists (macros/scripts/events.asm accesses multi-flag runs via HL-continuation, never a fresh literal load for this interior byte, per source); bracketed by wEventFlags+146 (d7d7->d7dc, direct +5) and wEventFlags+151 (d7dc->d7e1, now resolved above, +5), no anomaly in between -- matches German's identical resolution for this symbol",structural_bracketing
0xd7d9,WRAM,wEventFlags+148,RELOCATED,0xd7de,"same reasoning as wEventFlags+147 (d7d8) -- interior byte, no literal xref, bracketed by the same +146/+151 pair, matches German's identical resolution",structural_bracketing
0xd7da,WRAM,wEventFlags+149,RELOCATED,0xd7df,"same reasoning as wEventFlags+147 (d7d8) -- interior byte, no literal xref, bracketed by the same +146/+151 pair, matches German's identical resolution",structural_bracketing
0xd7db,WRAM,wEventFlags+150,RELOCATED,0xd7e0,"same reasoning as wEventFlags+147 (d7d8) -- interior byte, no literal xref, bracketed by the same +146/+151 pair, matches German's identical resolution",structural_bracketing
0xd7dc,WRAM,wEventFlags+151,RELOCATED,0xd7e1,"2 of 4 English reference sites (bank 18) find the candidate operand d7e1 at the same opcode within an 80-byte window, consistent shift of +3 bytes in file position; the other 2 sites (bank 8) show no match at all (unrelated code) -- matches German's independently-derived 2/4 resolution for wEventFlags+151, same +5 delta",direct_rom_evidence
0xd7dd,WRAM,wEventFlags+152,RELOCATED,0xd7e2,"same reasoning as wEventFlags+147 (d7d8) -- interior byte, no literal xref, bracketed by the now-resolved wEventFlags+151 (d7dc->d7e1, +5) on the left, matches German's identical resolution",structural_bracketing
0xd7ea,WRAM,wEventFlags+165,RELOCATED,0xd7ef,"ROM offset 0x1c879 (bank 7): same opcode (0x21) at the same site, operand changed from 0xd7ea to 0xd7ef",direct_rom_evidence
0xd7f5,WRAM,wEventFlags+176,RELOCATED,0xd7fa,"ROM offset 0x19bf5 (bank 6): same opcode (0xfa) at the same site, operand changed from 0xd7f5 to 0xd7fa",direct_rom_evidence
0xd81a,WRAM,wEventFlags+213,RELOCATED,0xd81f,"ROM offset 0x45510 (bank 17): same opcode (0x21) at the same site, operand changed from 0xd81a to 0xd81f",direct_rom_evidence
0xd82e,WRAM,wEventFlags+233,RELOCATED,0xd833,"both English reference sites (bank 20) find the candidate operand d833 at the same opcode within an 80-byte window -- matches German's independently-derived 2/2 resolution for wEventFlags+233, same +5 delta",direct_rom_evidence
0xd837,WRAM,wEventFlags+242,RELOCATED,0xd83c,"ROM offset 0x1a339 (bank 6): same opcode (0xfa) at the same site, operand changed from 0xd837 to 0xd83c",direct_rom_evidence
0xd862,WRAM,wEventFlags+285,RELOCATED,0xd867,"ROM offset 0x19d6c (bank 6): same opcode (0x21) at the same site, operand changed from 0xd862 to 0xd867",direct_rom_evidence
0xd863,WRAM,wEventFlags+286,RELOCATED,0xd868,"both English reference sites (bank 29) find the candidate operand d868 at the same opcode within an 80-byte window; consistent with flanking wEventFlags+285 (d862->d867, direct +5) and +288 (d865->d86a, direct +5)",direct_rom_evidence
0xd864,WRAM,wEventFlags+287,RELOCATED,0xd869,both English reference sites (bank 29) find the candidate operand d869 at the same opcode within an 80-byte window; same bracket as +286/+289,direct_rom_evidence
0xd865,WRAM,wEventFlags+288,RELOCATED,0xd86a,"ROM offset 0x5a267 (bank 22): same opcode (0xfa) at the same site, operand changed from 0xd865 to 0xd86a",direct_rom_evidence
0xd866,WRAM,wEventFlags+289,RELOCATED,0xd86b,both English reference sites (bank 29) find the candidate operand d86b at the same opcode within an 80-byte window; same bracket as +286/+287,direct_rom_evidence
0xda40,WRAM,wPlayTimeHours,RELOCATED,0xda45,"direct bank-28 (offset 0x55a6a) site shows same opcode (0x08, LD (nn),SP) with operand shifted da40->df40 is a false single-site match (delta +1280, off-region); the TrackPlayTime bank-0 block itself is heavily restructured (all bank-0 sites show a different opcode byte, not a clean literal match), but a second, independent bank-28 site (offset 0x70402) shows the SAME opcode (0x11) with operand cleanly shifted da40->da45 (+5); consistent with the uniform +5 region [0xcf07,0xda97] and with wPlayTimeMaxed/wSafariZoneGameOver/wNumSafariBalls/wDayCareInUse/wDayCareMonName all +5 on both sides",structural_bracketing
0xda42,WRAM,wPlayTimeMinutes,RELOCATED,0xda47,"bank-28 site (offset 0x7040e), same opcode (0x11), operand cleanly shifted da42->da47 (+5); single bank-4 site showing da42->d15c (delta -2278) is an unrelated same-opcode coincidence (collides with wPlayerName's own relocated address) and is discarded",direct_rom_evidence
0xda43,WRAM,wPlayTimeSeconds,RELOCATED,0xda48,"recon's IDENTICAL_ADDRESS (delta +0) is a single-site coincidence (bank-11 offset 0x2c1b2, ld (nn),a on an unrelated value that happens to equal 0xda43) -- same false-positive class independently confirmed in the German investigation for this exact symbol; bracketed by wPlayTimeMinutes (+5, direct) and wPlayTimeFrames (+5, bracketed) with no anomaly in between",structural_bracketing
0xda44,WRAM,wPlayTimeFrames,RELOCATED,0xda49,"no clean single-site match (all 3 English reference sites in the bank-0 TrackPlayTime block are structurally rewritten); bracketed by wPlayTimeSeconds (closed to +5 above) and wSafariZoneGameOver (+5, direct) with no anomaly in between",structural_bracketing
0xfff5,HRAM,hOnCGB+1(past declared size 1),IDENTICAL_ADDRESS,0xfff5,ROM offset 0xc026 (bank 3): identical LDH opcode+offset in both ROMs,direct_rom_evidence
