address,region,english_symbol,classification,french_address,evidence,resolution_method
0xc026,WRAM,wChannelSoundIDs,IDENTICAL_ADDRESS,0xc026,ROM offset 0x90a1 (bank 2): identical opcode+operand bytes 2126c0 in both ROMs,direct_symbol_match
0xc2f4,WRAM,wSpritePikachuStateData2MapY,IDENTICAL_ADDRESS,0xc2f4,ROM offset 0xfcccb (bank 63): identical opcode+operand bytes faf4c2 in both ROMs,direct_symbol_match
0xc2f5,WRAM,wSpritePikachuStateData2MapX,IDENTICAL_ADDRESS,0xc2f5,ROM offset 0xfccd9 (bank 63): identical opcode+operand bytes faf5c2 in both ROMs,direct_symbol_match
0xc4e1,WRAM,wTileMap+321,RELOCATED,0xc4b9,"ROM offset 0x3d062 (bank 15): same opcode (0xea) at the same site, operand changed from 0xc4e1 to 0xc4b9",direct_rom_evidence
0xc4e2,WRAM,wTileMap+322,IDENTICAL_ADDRESS,0xc4e2,ROM offset 0xe4c95 (bank 57): identical opcode+operand bytes 11e2c4 in both ROMs,direct_rom_evidence
0xc4e3,WRAM,wTileMap+323,IDENTICAL_ADDRESS,0xc4e3,"structural inference: base symbol wTileMap is IDENTICAL_ADDRESS in French (ROM offset 0xb63 (bank 0): identical opcode+operand bytes 11a0c3 in both ROMs) — offset 323 applied unverified, not independently confirmed",structural_inference
0xc4e4,WRAM,wTileMap+324,IDENTICAL_ADDRESS,0xc4e4,"structural inference: base symbol wTileMap is IDENTICAL_ADDRESS in French (ROM offset 0xb63 (bank 0): identical opcode+operand bytes 11a0c3 in both ROMs) — offset 324 applied unverified, not independently confirmed",structural_inference
0xc4e5,WRAM,wTileMap+325,IDENTICAL_ADDRESS,0xc4e5,"structural inference: base symbol wTileMap is IDENTICAL_ADDRESS in French (ROM offset 0xb63 (bank 0): identical opcode+operand bytes 11a0c3 in both ROMs) — offset 325 applied unverified, not independently confirmed",structural_inference
0xc4e6,WRAM,wTileMap+326,IDENTICAL_ADDRESS,0xc4e6,"structural inference: base symbol wTileMap is IDENTICAL_ADDRESS in French (ROM offset 0xb63 (bank 0): identical opcode+operand bytes 11a0c3 in both ROMs) — offset 326 applied unverified, not independently confirmed",structural_inference
0xc4e7,WRAM,wTileMap+327,IDENTICAL_ADDRESS,0xc4e7,"structural inference: base symbol wTileMap is IDENTICAL_ADDRESS in French (ROM offset 0xb63 (bank 0): identical opcode+operand bytes 11a0c3 in both ROMs) — offset 327 applied unverified, not independently confirmed",structural_inference
0xc4e8,WRAM,wTileMap+328,IDENTICAL_ADDRESS,0xc4e8,"structural inference: base symbol wTileMap is IDENTICAL_ADDRESS in French (ROM offset 0xb63 (bank 0): identical opcode+operand bytes 11a0c3 in both ROMs) — offset 328 applied unverified, not independently confirmed",structural_inference
0xc4e9,WRAM,wTileMap+329,RELOCATED,0xc4e7,"ROM offset 0x3cfd6 (bank 15): same opcode (0x21) at the same site, operand changed from 0xc4e9 to 0xc4e7",direct_rom_evidence
0xc4ea,WRAM,wTileMap+330,RELOCATED,0xc9ea,"ROM offset 0x3b5 (bank 0): same opcode (0x08) at the same site, operand changed from 0xc4ea to 0xc9ea",direct_rom_evidence
0xc4eb,WRAM,wTileMap+331,IDENTICAL_ADDRESS,0xc4eb,"structural inference: base symbol wTileMap is IDENTICAL_ADDRESS in French (ROM offset 0xb63 (bank 0): identical opcode+operand bytes 11a0c3 in both ROMs) — offset 331 applied unverified, not independently confirmed",structural_inference
0xc4ec,WRAM,wTileMap+332,IDENTICAL_ADDRESS,0xc4ec,"structural inference: base symbol wTileMap is IDENTICAL_ADDRESS in French (ROM offset 0xb63 (bank 0): identical opcode+operand bytes 11a0c3 in both ROMs) — offset 332 applied unverified, not independently confirmed",structural_inference
0xc4ed,WRAM,wTileMap+333,RELOCATED,0xc4c4,"ROM offset 0x3d023 (bank 15): same opcode (0xea) at the same site, operand changed from 0xc4ed to 0xc4c4",direct_rom_evidence
0xc4ee,WRAM,wTileMap+334,IDENTICAL_ADDRESS,0xc4ee,"structural inference: base symbol wTileMap is IDENTICAL_ADDRESS in French (ROM offset 0xb63 (bank 0): identical opcode+operand bytes 11a0c3 in both ROMs) — offset 334 applied unverified, not independently confirmed",structural_inference
0xc4ef,WRAM,wTileMap+335,RELOCATED,0xc4c5,"ROM offset 0x3d019 (bank 15): same opcode (0xea) at the same site, operand changed from 0xc4ef to 0xc4c5",direct_rom_evidence
0xc4f0,WRAM,wTileMap+336,IDENTICAL_ADDRESS,0xc4f0,"structural inference: base symbol wTileMap is IDENTICAL_ADDRESS in French (ROM offset 0xb63 (bank 0): identical opcode+operand bytes 11a0c3 in both ROMs) — offset 336 applied unverified, not independently confirmed",structural_inference
0xc4f1,WRAM,wTileMap+337,IDENTICAL_ADDRESS,0xc4f1,"structural inference: base symbol wTileMap is IDENTICAL_ADDRESS in French (ROM offset 0xb63 (bank 0): identical opcode+operand bytes 11a0c3 in both ROMs) — offset 337 applied unverified, not independently confirmed",structural_inference
0xc5d1,WRAM,wSurfingMinigameRoutineNumber,IDENTICAL_ADDRESS,0xc5d1,ROM offset 0xf8085 (bank 62): identical opcode+operand bytes fad1c5 in both ROMs,direct_symbol_match
0xc5dc,WRAM,wSurfingMinigameTotalScore,IDENTICAL_ADDRESS,0xc5dc,ROM offset 0xa989 (bank 2): identical opcode+operand bytes 31dcc5 in both ROMs,direct_symbol_match
0xc5dd,WRAM,wSurfingMinigameTotalScore+1,IDENTICAL_ADDRESS,0xc5dd,ROM offset 0xf8b50 (bank 62): identical opcode+operand bytes eaddc5 in both ROMs,direct_rom_evidence
0xccd3,WRAM,wCanEvolveFlags,IDENTICAL_ADDRESS,0xccd3,ROM offset 0xc9e (bank 0): identical opcode+operand bytes ead3cc in both ROMs,direct_symbol_match
0xcf2c,WRAM,wWhichPartyMenuHPBar,RELOCATED,0xcf31,"BizHawk write breakpoint on 0xcf31 fired during a fresh party-menu draw (PC ~0x5AA4, party_menu.asm SetPartyMenuHPBarColor increment loop), immediately after the byte was reset to 0 at the start of the redraw; confirms 0xcf2c shifted +5, matching the dominant French cluster. Also aliased as wCopyingSGBTileData / wPalPacket (union). Earlier cursor-position screenshots showing an unchanged value are a true negative, not contradictory: this byte only changes during the initial HP-bar draw pass, not on cursor movement",direct_symbol_match
0xcfc3,WRAM,wFontLoaded,RELOCATED,0xcfc8,"ROM offset 0x14033 (bank 5): same opcode (0xfa) at the same site, operand changed from 0xcfc3 to 0xcfc8",direct_symbol_match
0xcfe4,WRAM,wEnemyMonSpecies,RELOCATED,0xcfe9,"ROM offset 0x4129 (bank 1): same opcode (0xfa) at the same site, operand changed from 0xcfe4 to 0xcfe9",direct_symbol_match
0xd013,WRAM,wBattleMonSpecies,RELOCATED,0xd018,"ROM offset 0x3c7c4 (bank 15): same opcode (0xfa) at the same site, operand changed from 0xd013 to 0xd018",direct_symbol_match
0xd056,WRAM,wIsInBattle,RELOCATED,0xd05b,"ROM offset 0x3f8 (bank 0): same opcode (0xfa) at the same site, operand changed from 0xd056 to 0xd05b",direct_symbol_match
0xd157,WRAM,wPlayerName,RELOCATED,0xd15c,"ROM offset 0x414e (bank 1): same opcode (0x11) at the same site, operand changed from 0xd157 to 0xd15c",direct_symbol_match
0xd162,WRAM,wPartyCount,RELOCATED,0xd167,"ROM offset 0x120d (bank 0): same opcode (0xfa) at the same site, operand changed from 0xd162 to 0xd167",direct_symbol_match
0xd163,WRAM,wPartySpecies,RELOCATED,0xd168,"ROM offset 0x127c (bank 0): same opcode (0x21) at the same site, operand changed from 0xd163 to 0xd168",direct_symbol_match
0xd164,WRAM,wPartySpecies+1,RELOCATED,0xd169,"structural inference: base symbol wPartySpecies is RELOCATED in French (ROM offset 0x127c (bank 0): same opcode (0x21) at the same site, operand changed from 0xd163 to 0xd168) — offset 1 applied unverified, not independently confirmed",structural_inference
0xd165,WRAM,wPartySpecies+2,RELOCATED,0xd16a,"structural inference: base symbol wPartySpecies is RELOCATED in French (ROM offset 0x127c (bank 0): same opcode (0x21) at the same site, operand changed from 0xd163 to 0xd168) — offset 2 applied unverified, not independently confirmed",structural_inference
0xd166,WRAM,wPartySpecies+3,RELOCATED,0xd16b,"structural inference: base symbol wPartySpecies is RELOCATED in French (ROM offset 0x127c (bank 0): same opcode (0x21) at the same site, operand changed from 0xd163 to 0xd168) — offset 3 applied unverified, not independently confirmed",structural_inference
0xd167,WRAM,wPartySpecies+4,RELOCATED,0xd16c,"structural inference: base symbol wPartySpecies is RELOCATED in French (ROM offset 0x127c (bank 0): same opcode (0x21) at the same site, operand changed from 0xd163 to 0xd168) — offset 4 applied unverified, not independently confirmed",structural_inference
0xd168,WRAM,wPartySpecies+5,RELOCATED,0xd16d,"structural inference: base symbol wPartySpecies is RELOCATED in French (ROM offset 0x127c (bank 0): same opcode (0x21) at the same site, operand changed from 0xd163 to 0xd168) — offset 5 applied unverified, not independently confirmed",structural_inference
0xd172,WRAM,wPartyMon1Moves,RELOCATED,0xd177,"ROM offset 0x2fd45 (bank 11): same opcode (0x21) at the same site, operand changed from 0xd172 to 0xd177",direct_symbol_match
0xd173,WRAM,wPartyMon1Moves+1,RELOCATED,0xd178,"structural inference: base symbol wPartyMon1Moves is RELOCATED in French (ROM offset 0x2fd45 (bank 11): same opcode (0x21) at the same site, operand changed from 0xd172 to 0xd177) — offset 1 applied unverified, not independently confirmed",structural_inference
0xd174,WRAM,wPartyMon1Moves+2,RELOCATED,0xd179,"structural inference: base symbol wPartyMon1Moves is RELOCATED in French (ROM offset 0x2fd45 (bank 11): same opcode (0x21) at the same site, operand changed from 0xd172 to 0xd177) — offset 2 applied unverified, not independently confirmed",structural_inference
0xd175,WRAM,wPartyMon1Moves+3,RELOCATED,0xd17a,"structural inference: base symbol wPartyMon1Moves is RELOCATED in French (ROM offset 0x2fd45 (bank 11): same opcode (0x21) at the same site, operand changed from 0xd172 to 0xd177) — offset 3 applied unverified, not independently confirmed",structural_inference
0xd18b,WRAM,wPartyMon1Level,RELOCATED,0xd190,"ROM offset 0x70230 (bank 28): same opcode (0x21) at the same site, operand changed from 0xd18b to 0xd190",direct_symbol_match
0xd1b7,WRAM,wPartyMon2Level,RELOCATED,0xd1bc,"direct BizHawk read confirmation (2026-08-11): slot-2 party Roucool (Pidgey) Lv4 — level byte 0x04 read at predicted French address 0xd1bc, while the unshifted English address 0xd1b7 held an unrelated stale byte 0x11; matches the dominant +5 delta and resolves the prior DYNAMIC_TEST_REQUIRED state",direct_dynamic_evidence
0xd1e3,WRAM,wPartyMon3Level,RELOCATED,0xd1e8,structural inference: base symbol wPartyMon2Level (0xd1b7) confirmed RELOCATED +5 in French via direct BizHawk read at 0xd1bc — party-mon struct stride (0x2c bytes) applied to derive this slot-3 level offset; not independently confirmed by its own dynamic capture,structural_inference
0xd20f,WRAM,wPartyMon4Level,RELOCATED,0xd214,structural inference: base symbol wPartyMon2Level (0xd1b7) confirmed RELOCATED +5 in French via direct BizHawk read at 0xd1bc — party-mon struct stride (0x2c bytes) applied to derive this slot-4 level offset; not independently confirmed by its own dynamic capture,structural_inference
0xd23b,WRAM,wPartyMon5Level,RELOCATED,0xd240,structural inference: base symbol wPartyMon2Level (0xd1b7) confirmed RELOCATED +5 in French via direct BizHawk read at 0xd1bc — party-mon struct stride (0x2c bytes) applied to derive this slot-5 level offset; not independently confirmed by its own dynamic capture,structural_inference
0xd267,WRAM,wPartyMon6Level,RELOCATED,0xd26c,structural inference: base symbol wPartyMon2Level (0xd1b7) confirmed RELOCATED +5 in French via direct BizHawk read at 0xd1bc — party-mon struct stride (0x2c bytes) applied to derive this slot-6 level offset; not independently confirmed by its own dynamic capture,structural_inference
0xd2f6,WRAM,wPokedexOwned,RELOCATED,0xd2fb,"ROM offset 0xd615 (bank 3): same opcode (0x21) at the same site, operand changed from 0xd2f6 to 0xd2fb",direct_symbol_match
0xd2f7,WRAM,wPokedexOwned+1,RELOCATED,0xd2fc,"structural inference: base symbol wPokedexOwned is RELOCATED in French (ROM offset 0xd615 (bank 3): same opcode (0x21) at the same site, operand changed from 0xd2f6 to 0xd2fb) — offset 1 applied unverified, not independently confirmed",structural_inference
0xd2f8,WRAM,wPokedexOwned+2,RELOCATED,0xd2fd,"structural inference: base symbol wPokedexOwned is RELOCATED in French (ROM offset 0xd615 (bank 3): same opcode (0x21) at the same site, operand changed from 0xd2f6 to 0xd2fb) — offset 2 applied unverified, not independently confirmed",structural_inference
0xd2f9,WRAM,wPokedexOwned+3,RELOCATED,0xd2fe,"direct_dynamic_evidence (2026-08-12): BizHawk sparse-pattern capture, Caught state -- French 0xd2fe went 01->03 (adds bit1/0x02, Raichu #26, offset+3 array position) exactly on catching Raichu; unshifted 0xd2f9 not part of this bit. Supersedes the prior IDENTICAL_ADDRESS classification (single coincidental same-opcode ROM match, ROM offset 0x35dd1, bank 13) -- matches the fixed-stride wPokedexOwned base (0xd2fb) +3.",direct_dynamic_evidence
0xd2fa,WRAM,wPokedexOwned+4,RELOCATED,0xd2ff,"structural inference: base symbol wPokedexOwned is RELOCATED in French (ROM offset 0xd615 (bank 3): same opcode (0x21) at the same site, operand changed from 0xd2f6 to 0xd2fb) — offset 4 applied unverified, not independently confirmed",structural_inference
0xd2fb,WRAM,wPokedexOwned+5,RELOCATED,0xd300,"structural inference: base symbol wPokedexOwned is RELOCATED in French (ROM offset 0xd615 (bank 3): same opcode (0x21) at the same site, operand changed from 0xd2f6 to 0xd2fb) — offset 5 applied unverified, not independently confirmed",structural_inference
0xd2fc,WRAM,wPokedexOwned+6,RELOCATED,0xd301,"structural inference: base symbol wPokedexOwned is RELOCATED in French (ROM offset 0xd615 (bank 3): same opcode (0x21) at the same site, operand changed from 0xd2f6 to 0xd2fb) — offset 6 applied unverified, not independently confirmed",structural_inference
0xd2fd,WRAM,wPokedexOwned+7,RELOCATED,0xd302,"structural inference: base symbol wPokedexOwned is RELOCATED in French (ROM offset 0xd615 (bank 3): same opcode (0x21) at the same site, operand changed from 0xd2f6 to 0xd2fb) — offset 7 applied unverified, not independently confirmed",structural_inference
0xd2fe,WRAM,wPokedexOwned+8,RELOCATED,0xd303,"structural inference: base symbol wPokedexOwned is RELOCATED in French (ROM offset 0xd615 (bank 3): same opcode (0x21) at the same site, operand changed from 0xd2f6 to 0xd2fb) — offset 8 applied unverified, not independently confirmed",structural_inference
0xd2ff,WRAM,wPokedexOwned+9,RELOCATED,0xd304,"direct_dynamic_evidence (2026-08-12): BizHawk sparse-pattern capture, Caught state -- French 0xd304 went 00->20 (adds bit5/0x20, Rapidash #78, offset+9 array position) exactly on catching Rapidash; unshifted 0xd2ff moved 04->44 in the same window (adds bit6/0x40) but that is a coincidental, unrelated dex bit landing at the same static address -- it does not confirm 0xd2ff itself, and further demonstrates the prior single-site IDENTICAL_ADDRESS match was spurious. Supersedes the prior IDENTICAL_ADDRESS classification (ROM offset 0x187f2, bank 6) -- matches the fixed-stride wPokedexOwned base (0xd2fb) +9.",direct_dynamic_evidence
0xd300,WRAM,wPokedexOwned+10,RELOCATED,0xd305,"direct_dynamic_evidence (2026-08-12): BizHawk sparse-pattern capture, Caught state -- French 0xd305 went 00->01 (adds bit0/0x01, Magnemite #81, offset+10 array position) exactly on catching Magnemite; unshifted 0xd300 not part of this bit. Supersedes the prior IDENTICAL_ADDRESS classification (single coincidental same-opcode ROM match, ROM offset 0x54b39, bank 21) -- matches the fixed-stride wPokedexOwned base (0xd2fb) +10.",direct_dynamic_evidence
0xd301,WRAM,wPokedexOwned+11,RELOCATED,0xd306,"structural inference: base symbol wPokedexOwned is RELOCATED in French (ROM offset 0xd615 (bank 3): same opcode (0x21) at the same site, operand changed from 0xd2f6 to 0xd2fb) — offset 11 applied unverified, not independently confirmed",structural_inference
0xd302,WRAM,wPokedexOwned+12,RELOCATED,0xd307,"structural inference: base symbol wPokedexOwned is RELOCATED in French (ROM offset 0xd615 (bank 3): same opcode (0x21) at the same site, operand changed from 0xd2f6 to 0xd2fb) — offset 12 applied unverified, not independently confirmed",structural_inference
0xd303,WRAM,wPokedexOwned+13,RELOCATED,0xd308,"direct_dynamic_evidence (2026-08-12): BizHawk capture of French 0xd303/0xd308 across Hitmonlee (dex #106, bit1 of this Owned byte) encounter->capture -- before seeing 00/00, after seeing 00/00, after obtaining 00/02. 0xd308 flipped exactly on capture, matching Hitmonlee's dex bit; unshifted 0xd303 stayed 00 throughout as a clean negative control. Supersedes the prior IDENTICAL_ADDRESS classification, which rested on a single coincidental same-opcode ROM match (ROM offset 0x19f52, bank 6) -- the same failure mode Italian's own investigation found and corrected at this identical address via its own dynamic test (T18/Hitmonlee-offset-13).",direct_dynamic_evidence
0xd304,WRAM,wPokedexOwned+14,RELOCATED,0xd309,"structural inference: base symbol wPokedexOwned is RELOCATED in French (ROM offset 0xd615 (bank 3): same opcode (0x21) at the same site, operand changed from 0xd2f6 to 0xd2fb) — offset 14 applied unverified, not independently confirmed",structural_inference
0xd305,WRAM,wPokedexOwned+15,RELOCATED,0xd30a,"structural inference: base symbol wPokedexOwned is RELOCATED in French (ROM offset 0xd615 (bank 3): same opcode (0x21) at the same site, operand changed from 0xd2f6 to 0xd2fb) — offset 15 applied unverified, not independently confirmed",structural_inference
0xd306,WRAM,wPokedexOwned+16,RELOCATED,0xd30b,"structural inference: base symbol wPokedexOwned is RELOCATED in French (ROM offset 0xd615 (bank 3): same opcode (0x21) at the same site, operand changed from 0xd2f6 to 0xd2fb) — offset 16 applied unverified, not independently confirmed",structural_inference
0xd307,WRAM,wPokedexOwned+17,RELOCATED,0xd30c,"structural inference: base symbol wPokedexOwned is RELOCATED in French (ROM offset 0xd615 (bank 3): same opcode (0x21) at the same site, operand changed from 0xd2f6 to 0xd2fb) — offset 17 applied unverified, not independently confirmed",structural_inference
0xd308,WRAM,wPokedexOwned+18,RELOCATED,0xd30d,"structural inference: base symbol wPokedexOwned is RELOCATED in French (ROM offset 0xd615 (bank 3): same opcode (0x21) at the same site, operand changed from 0xd2f6 to 0xd2fb) — offset 18 applied unverified, not independently confirmed",structural_inference
0xd309,WRAM,wPokedexSeen,RELOCATED,0xd30e,"ROM offset 0x4008d (bank 16): same opcode (0x21) at the same site, operand changed from 0xd309 to 0xd30e",direct_symbol_match
0xd30a,WRAM,wPokedexSeen+1,RELOCATED,0xd30f,"direct_dynamic_evidence (2026-08-12): BizHawk sparse-pattern capture, Seen state -- French 0xd30f went 80->90 (adds bit4/0x10, Weedle #13, offset+1 array position) exactly on seeing Weedle; unshifted 0xd30a not part of this bit. Supersedes the prior IDENTICAL_ADDRESS classification (single coincidental same-opcode ROM match, ROM offset 0x25d31, bank 9) -- matches the fixed-stride wPokedexSeen base (0xd30e) +1.",direct_dynamic_evidence
0xd30b,WRAM,wPokedexSeen+2,RELOCATED,0xd310,"structural inference: base symbol wPokedexSeen is RELOCATED in French (ROM offset 0x4008d (bank 16): same opcode (0x21) at the same site, operand changed from 0xd309 to 0xd30e) — offset 2 applied unverified, not independently confirmed",structural_inference
0xd30c,WRAM,wPokedexSeen+3,RELOCATED,0xd311,"structural inference: base symbol wPokedexSeen is RELOCATED in French (ROM offset 0x4008d (bank 16): same opcode (0x21) at the same site, operand changed from 0xd309 to 0xd30e) — offset 3 applied unverified, not independently confirmed",structural_inference
0xd30d,WRAM,wPokedexSeen+4,RELOCATED,0xd312,"structural inference: base symbol wPokedexSeen is RELOCATED in French (ROM offset 0x4008d (bank 16): same opcode (0x21) at the same site, operand changed from 0xd309 to 0xd30e) — offset 4 applied unverified, not independently confirmed",structural_inference
0xd30e,WRAM,wPokedexSeen+5,RELOCATED,0xd313,"structural inference: base symbol wPokedexSeen is RELOCATED in French (ROM offset 0x4008d (bank 16): same opcode (0x21) at the same site, operand changed from 0xd309 to 0xd30e) — offset 5 applied unverified, not independently confirmed",structural_inference
0xd30f,WRAM,wPokedexSeen+6,RELOCATED,0xd314,"structural inference: base symbol wPokedexSeen is RELOCATED in French (ROM offset 0x4008d (bank 16): same opcode (0x21) at the same site, operand changed from 0xd309 to 0xd30e) — offset 6 applied unverified, not independently confirmed",structural_inference
0xd310,WRAM,wPokedexSeen+7,RELOCATED,0xd315,"structural inference: base symbol wPokedexSeen is RELOCATED in French (ROM offset 0x4008d (bank 16): same opcode (0x21) at the same site, operand changed from 0xd309 to 0xd30e) — offset 7 applied unverified, not independently confirmed",structural_inference
0xd311,WRAM,wPokedexSeen+8,RELOCATED,0xd316,"structural inference: base symbol wPokedexSeen is RELOCATED in French (ROM offset 0x4008d (bank 16): same opcode (0x21) at the same site, operand changed from 0xd309 to 0xd30e) — offset 8 applied unverified, not independently confirmed",structural_inference
0xd312,WRAM,wPokedexSeen+9,RELOCATED,0xd317,"structural inference: base symbol wPokedexSeen is RELOCATED in French (ROM offset 0x4008d (bank 16): same opcode (0x21) at the same site, operand changed from 0xd309 to 0xd30e) — offset 9 applied unverified, not independently confirmed",structural_inference
0xd313,WRAM,wPokedexSeen+10,RELOCATED,0xd318,"structural inference: base symbol wPokedexSeen is RELOCATED in French (ROM offset 0x4008d (bank 16): same opcode (0x21) at the same site, operand changed from 0xd309 to 0xd30e) — offset 10 applied unverified, not independently confirmed",structural_inference
0xd314,WRAM,wPokedexSeen+11,RELOCATED,0xd319,"structural inference: base symbol wPokedexSeen is RELOCATED in French (ROM offset 0x4008d (bank 16): same opcode (0x21) at the same site, operand changed from 0xd309 to 0xd30e) — offset 11 applied unverified, not independently confirmed",structural_inference
0xd315,WRAM,wPokedexSeen+12,RELOCATED,0xd31a,"direct_dynamic_evidence (2026-08-12): BizHawk sparse-pattern capture, Seen state -- French 0xd31a went 00->80 (adds bit7/0x80, Cubone #104, offset+12 array position) exactly on seeing Cubone; unshifted 0xd315 not part of this bit. Supersedes the prior IDENTICAL_ADDRESS classification (single coincidental same-opcode ROM match, ROM offset 0xca76, bank 3) -- matches the fixed-stride wPokedexSeen base (0xd30e) +12.",direct_dynamic_evidence
0xd316,WRAM,wPokedexSeen+13,RELOCATED,0xd31b,"structural inference: base symbol wPokedexSeen is RELOCATED in French (ROM offset 0x4008d (bank 16): same opcode (0x21) at the same site, operand changed from 0xd309 to 0xd30e) — offset 13 applied unverified, not independently confirmed",structural_inference
0xd317,WRAM,wPokedexSeen+14,RELOCATED,0xd31c,"structural inference: base symbol wPokedexSeen is RELOCATED in French (ROM offset 0x4008d (bank 16): same opcode (0x21) at the same site, operand changed from 0xd309 to 0xd30e) — offset 14 applied unverified, not independently confirmed",structural_inference
0xd318,WRAM,wPokedexSeen+15,RELOCATED,0xd31d,"structural inference: base symbol wPokedexSeen is RELOCATED in French (ROM offset 0x4008d (bank 16): same opcode (0x21) at the same site, operand changed from 0xd309 to 0xd30e) — offset 15 applied unverified, not independently confirmed",structural_inference
0xd319,WRAM,wPokedexSeen+16,RELOCATED,0xd31e,"structural inference: base symbol wPokedexSeen is RELOCATED in French (ROM offset 0x4008d (bank 16): same opcode (0x21) at the same site, operand changed from 0xd309 to 0xd30e) — offset 16 applied unverified, not independently confirmed",structural_inference
0xd31a,WRAM,wPokedexSeen+17,RELOCATED,0xd31f,"structural inference: base symbol wPokedexSeen is RELOCATED in French (ROM offset 0x4008d (bank 16): same opcode (0x21) at the same site, operand changed from 0xd309 to 0xd30e) — offset 17 applied unverified, not independently confirmed",structural_inference
0xd31b,WRAM,wPokedexSeen+18,RELOCATED,0xd320,"ROM offset 0x4022c (bank 16): same opcode (0x21) at the same site, operand changed from 0xd31b to 0xd320",direct_rom_evidence
0xd355,WRAM,wObtainedBadges,RELOCATED,0xd35a,"ROM offset 0x19061 (bank 6): same opcode (0xfa) at the same site, operand changed from 0xd355 to 0xd35a",direct_symbol_match
0xd357,WRAM,wLetterPrintingDelayFlags,RELOCATED,0xcc3a,"ROM offset 0x1923 (bank 0): same opcode (0xea) at the same site, operand changed from 0xd357 to 0xcc3a",direct_symbol_match
0xd35a,WRAM,wMapMusicSoundID,RELOCATED,0xd35f,"ROM offset 0xe9e (bank 0): same opcode (0xea) at the same site, operand changed from 0xd35a to 0xd35f",direct_symbol_match
0xd35c,WRAM,wMapPalOffset,RELOCATED,0xd361,"ROM offset 0x573 (bank 0): same opcode (0xea) at the same site, operand changed from 0xd35c to 0xd361",direct_symbol_match
0xd35d,WRAM,wCurMap,RELOCATED,0xd362,"ROM offset 0x42a (bank 0): same opcode (0xfa) at the same site, operand changed from 0xd35d to 0xd362",direct_symbol_match
0xd360,WRAM,wYCoord,RELOCATED,0xd365,"ROM offset 0x4ca (bank 0): same opcode (0xfa) at the same site, operand changed from 0xd360 to 0xd365",direct_symbol_match
0xd361,WRAM,wXCoord,RELOCATED,0xd366,"ROM offset 0x4ce (bank 0): same opcode (0xfa) at the same site, operand changed from 0xd361 to 0xd366",direct_symbol_match
0xd437,WRAM,wPikachuFollowCommandBuffer,RELOCATED,0xd43c,"ROM offset 0xfcb9b (bank 63): same opcode (0x21) at the same site, operand changed from 0xd437 to 0xd43c",direct_symbol_match
0xd450,WRAM,wCurPikaMovementFunc2,RELOCATED,0xd455,"ROM offset 0xfd315 (bank 63): same opcode (0xea) at the same site, operand changed from 0xd450 to 0xd455",direct_symbol_match
0xd46f,WRAM,wPikachuHappiness,RELOCATED,0xd474,"ROM offset 0x1cf5f (bank 7): same opcode (0xfa) at the same site, operand changed from 0xd46f to 0xd474",direct_symbol_match
0xd470,WRAM,wPikachuMood,RELOCATED,0xd475,"ROM offset 0xc4de (bank 3): same opcode (0x21) at the same site, operand changed from 0xd470 to 0xd475",direct_symbol_match
0xd5a1,WRAM,wNumHoFTeams,RELOCATED,0xd5a6,"ROM offset 0x2137e (bank 8): same opcode (0xfa) at the same site, operand changed from 0xd5a1 to 0xd5a6",direct_symbol_match
0xd664,WRAM,wSSAnne2FCurScript,RELOCATED,0xd669,"direct_dynamic_evidence (2026-08-12): BizHawk capture across the S.S. Anne 2F rival battle -- before: 0xd664=00, 0xd669=00; after: 0xd664=00, 0xd669=04 (bit2, matching the known 'Defeat Rival 4' meaning per Italian's own Code Note for this symbol). 0xd669 flipped exactly on victory; unshifted 0xd664 stayed 00 throughout as a clean negative control. Supersedes the prior IDENTICAL_ADDRESS classification (single coincidental same-opcode ROM match, ROM offset 0x2e882, bank 11) -- matches the dominant +5 delta.",direct_dynamic_evidence
0xd6ff,WRAM,wWalkBikeSurfState,RELOCATED,0xd704,"ROM offset 0x38d (bank 0): same opcode (0xfa) at the same site, operand changed from 0xd6ff to 0xd704",direct_symbol_match
0xd70c,WRAM,wFossilItem,RELOCATED,0xd711,"ROM offset 0xc290 (bank 3): same opcode (0x11) at the same site, operand changed from 0xd70c to 0xd711",direct_symbol_match
0xd71a,WRAM,wTileInFrontOfBoulderAndBoulderCollisionResult,RELOCATED,0xd71f,"bracketed by French-confirmed +5 neighbors on both sides (0xd716-0xd718 before, 0xd71b-0xd71d after, all same_site_different_operand); nearest non-+5 row (0xd719 CANDIDATE) is Italian-ROM-derived noise, not contradictory French evidence",direct_symbol_match
0xd736,WRAM,wCompletedInGameTradeFlags+1,RELOCATED,0xd73b,"structural inference: base symbol wCompletedInGameTradeFlags is RELOCATED in French (ROM offset 0x39a (bank 0): same opcode (0x21) at the same site, operand changed from 0xd735 to 0xd73a) — offset 1 applied unverified, not independently confirmed",structural_inference
0xd737,WRAM,wCompletedInGameTradeFlags+2(past declared size 2),RELOCATED,0xd73c,"structural_inference: real 3rd trade-flags byte (Italian T6 proved the compiled ROM's wCompletedInGameTradeFlags region is 3 live bytes, not the 2+ds2-padding vendor/pokeyellow source declares); bracketed by 0xd736 (direct_dynamic_evidence, +5, Phase F) 1 byte before and 0xd74d (direct_rom_evidence, +5) 22 bytes after, inside a fixed ds-only layout with no unions possible -- see evidence/dynamic_evidence_summary.md Phase F",structural_inference
0xd74d,WRAM,wEventFlags+8,RELOCATED,0xd752,"ROM offset 0x1c823 (bank 7): same opcode (0x21) at the same site, operand changed from 0xd74d to 0xd752",direct_rom_evidence
0xd759,WRAM,wEventFlags+20,RELOCATED,0xd75e,"ROM offset 0x195b4 (bank 6): same opcode (0xfa) at the same site, operand changed from 0xd759 to 0xd75e",direct_rom_evidence
0xd763,WRAM,wEventFlags+30,RELOCATED,0xd768,"ROM offset 0x60510 (bank 24): same opcode (0xfa) at the same site, operand changed from 0xd763 to 0xd768",direct_rom_evidence
0xd7b0,WRAM,wEventFlags+107,RELOCATED,0xd7b5,"structural_inference: wEventFlags is a single union-free ds bit array (ram/wram.asm flag_array NUM_EVENTS); bracketed by 0xd763->0xd768 before and 0xd7d7->0xd7dc after (both direct_rom_evidence, +5); Phase E's battle capture independently ruled out +6 for this whole span -- see evidence/dynamic_evidence_summary.md Phase E",structural_inference
0xd7c5,WRAM,wEventFlags+128,RELOCATED,0xd7ca,"structural_inference: same wEventFlags bit-array argument as 0xd7b0, bracketed by the same 0xd763->0xd768 / 0xd7d7->0xd7dc direct-evidence pair",structural_inference
0xd7d6,WRAM,wEventFlags+145,RELOCATED,0xd7db,"direct_dynamic_evidence (2026-08-12): BizHawk capture of French 0xd7d6/0xd7db across two Route 12 trainer defeats -- 0 defeated: 00/00, 1 defeated: 00/04, 2 defeated: 00/0C. 0xd7db accumulated bit-by-bit exactly as Route 12 trainers were beaten; unshifted 0xd7d6 stayed 00 throughout as a clean negative control. Supersedes the prior IDENTICAL_ADDRESS classification, which rested on a single coincidental same-opcode ROM match (ROM offset 0x262bb, bank 9) -- the same failure mode Italian's own investigation found and corrected at this identical address via its own dynamic test (T10, decoding 81681's raw RA condition).",direct_dynamic_evidence
0xd7d7,WRAM,wEventFlags+146,RELOCATED,0xd7dc,"ROM offset 0x594b5 (bank 22): same opcode (0x21) at the same site, operand changed from 0xd7d7 to 0xd7dc",direct_rom_evidence
0xd7d8,WRAM,wEventFlags+147,RELOCATED,0xd7dd,"structural_inference: wEventFlags bit array, 1 byte after 0xd7d7->0xd7dc (direct_rom_evidence, +5) and well inside the Phase E-confirmed +5 span",structural_inference
0xd7d9,WRAM,wEventFlags+148,RELOCATED,0xd7de,structural_inference: same bracket as 0xd7d8,structural_inference
0xd7da,WRAM,wEventFlags+149,RELOCATED,0xd7df,structural_inference: same bracket as 0xd7d8,structural_inference
0xd7db,WRAM,wEventFlags+150,RELOCATED,0xd7e0,structural_inference: same bracket as 0xd7d8,structural_inference
0xd7dc,WRAM,wEventFlags+151,RELOCATED,0xd7e1,"structural_inference: wEventFlags bit array; corrects the prior same-address CANDIDATE guess (0xd7dc, a coincidental Italian-ROM match, not French evidence) -- bracketed by 0xd7d7->0xd7dc before and 0xd7ea->0xd7ef after, both direct_rom_evidence",structural_inference
0xd7dd,WRAM,wEventFlags+152,RELOCATED,0xd7e2,"structural_inference: wEventFlags bit array, bracketed by 0xd7d7->0xd7dc before and 0xd7ea->0xd7ef after, both direct_rom_evidence",structural_inference
0xd7ea,WRAM,wEventFlags+165,RELOCATED,0xd7ef,"ROM offset 0x1c879 (bank 7): same opcode (0x21) at the same site, operand changed from 0xd7ea to 0xd7ef",direct_rom_evidence
0xd7f5,WRAM,wEventFlags+176,RELOCATED,0xd7fa,"ROM offset 0x19bf5 (bank 6): same opcode (0xfa) at the same site, operand changed from 0xd7f5 to 0xd7fa",direct_rom_evidence
0xd81a,WRAM,wEventFlags+213,RELOCATED,0xd81f,"ROM offset 0x45510 (bank 17): same opcode (0x21) at the same site, operand changed from 0xd81a to 0xd81f",direct_rom_evidence
0xd82e,WRAM,wEventFlags+233,RELOCATED,0xd833,"structural_inference: wEventFlags bit array; corrects the prior same-address CANDIDATE guess (0xd82e, coincidental Italian-ROM match) -- bracketed by 0xd81a->0xd81f before and 0xd837->0xd83c after, both direct_rom_evidence",structural_inference
0xd837,WRAM,wEventFlags+242,RELOCATED,0xd83c,"ROM offset 0x1a339 (bank 6): same opcode (0xfa) at the same site, operand changed from 0xd837 to 0xd83c",direct_rom_evidence
0xd862,WRAM,wEventFlags+285,RELOCATED,0xd867,"ROM offset 0x19d6c (bank 6): same opcode (0x21) at the same site, operand changed from 0xd862 to 0xd867",direct_rom_evidence
0xd863,WRAM,wEventFlags+286,RELOCATED,0xd868,"structural_inference: wEventFlags bit array, bracketed by 0xd862->0xd867 and 0xd865->0xd86a, both direct_rom_evidence, 1-2 bytes on either side",structural_inference
0xd864,WRAM,wEventFlags+287,RELOCATED,0xd869,structural_inference: same bracket as 0xd863,structural_inference
0xd865,WRAM,wEventFlags+288,RELOCATED,0xd86a,"ROM offset 0x5a267 (bank 22): same opcode (0xfa) at the same site, operand changed from 0xd865 to 0xd86a",direct_rom_evidence
0xd866,WRAM,wEventFlags+289,RELOCATED,0xd86b,"structural_inference: wEventFlags bit array, 1 byte after 0xd865->0xd86a (direct_rom_evidence); Phase E's battle capture confirms +5 holds well past this address (up to 0xd899)",structural_inference
0xda40,WRAM,wPlayTimeHours,RELOCATED,0xda45,"corrected after source-symbol off-by-one fix: direct disassembly of the fixed home-bank TrackPlayTime/SafariZoneGameOver cascade (French bank0 offsets 0x1efb-0x1f4f, bank7 offsets 0x1e330-0x1e388) confirms uniform +5 for this whole 9-symbol cluster, superseding the earlier bracketing/coincidental-site guess",direct_rom_evidence
0xda42,WRAM,wPlayTimeMinutes,RELOCATED,0xda47,"corrected after source-symbol off-by-one fix: direct disassembly of the fixed home-bank TrackPlayTime/SafariZoneGameOver cascade (French bank0 offsets 0x1efb-0x1f4f, bank7 offsets 0x1e330-0x1e388) confirms uniform +5 for this whole 9-symbol cluster, superseding the earlier bracketing/coincidental-site guess",direct_rom_evidence
0xda43,WRAM,wPlayTimeSeconds,RELOCATED,0xda48,"corrected after source-symbol off-by-one fix: direct disassembly of the fixed home-bank TrackPlayTime/SafariZoneGameOver cascade (French bank0 offsets 0x1efb-0x1f4f, bank7 offsets 0x1e330-0x1e388) confirms uniform +5 for this whole 9-symbol cluster, superseding the earlier bracketing/coincidental-site guess",direct_rom_evidence
0xda44,WRAM,wPlayTimeFrames,RELOCATED,0xda49,"reconciliation fix (2026-08-11): this row previously mislabeled address 0xda44 as wSafariZoneGameOver, left over from before games/yellow/versions/english/evidence/wSafariZoneGameOver_symbol_correction.md was applied. Per that correction, English 0xda44 is wPlayTimeFrames (Speedrun leaderboard term[0]); wSafariZoneGameOver's real address is English 0xda45 -> French 0xda4a, and is not RA-referenced by set 723 so has no row here. French value corrected from the stale 0xda4a to the true +5 target 0xda49, per the same fixed home-bank TrackPlayTime cascade (French bank0 offsets 0x1efb-0x1f4f, bank7 offsets 0x1e330-0x1e388)",direct_rom_evidence
0xfff5,HRAM,hOnCGB+1(past declared size 1),IDENTICAL_ADDRESS,0xfff5,ROM offset 0xc026 (bank 3): identical LDH opcode+offset in both ROMs,direct_rom_evidence
