address,region,n_assets,n_conditions,usage_types,access_forms,sizes,prior_mapping_status,has_code_note,code_note_excerpt,english_symbol,symbol_source,italian_address,classification,rom_evidence,compared_literals,sample_assets,resolution_method
0xd35d,WRAM,48,79,achievement;leaderboard;rich_presence,current;delta,8-bit,RELOCATED,True,Map location,wCurMap,phase4_symbol,0xd362,RELOCATED,resolved by Phase 4 (address_mapping.csv),Showdown in Pewter City:=54; The Water Flower of Cerulean City:=65; Electric Shock Showdown:=92,Attack of the Prehistoric Pokemon;Battle Aboard the St. Anne;Can You Dig It?,direct_rom_evidence
0xd450,WRAM,28,56,achievement,current;delta,8-bit,RELOCATED,True,possible current interaction,wPikaPicAnimCurGraphicID,phase4_symbol,0xd455,RELOCATED,resolved by Phase 4 (address_mapping.csv),A N G E R Y:=28; A N G E R Y:=29; Smug Little Rat:=11,A N G E R Y;Angry Ear Twitches;Best Friends Forever,direct_rom_evidence
0xd46f,WRAM,18,36,achievement,current,8-bit,RELOCATED,True,Pikachu's Happiness,wPikachuHappiness,phase4_symbol,0xd474,RELOCATED,resolved by Phase 4 (address_mapping.csv),A N G E R Y:>=0; A N G E R Y:<=50; Smug Little Rat:>=0,A N G E R Y;Angry Ear Twitches;Best Friends Forever,direct_rom_evidence
0xd470,WRAM,18,36,achievement,current,8-bit,RELOCATED,True,Pikachu's mood 0-7f=Bad 80=Normal 81-ff=Good,wPikachuMood,phase4_symbol,0xd475,RELOCATED,resolved by Phase 4 (address_mapping.csv),A N G E R Y:>=0; A N G E R Y:<=127; Smug Little Rat:>=128,A N G E R Y;Angry Ear Twitches;Best Friends Forever,direct_rom_evidence
0xd360,WRAM,13,21,achievement,current,16-bit;8-bit,RELOCATED,True,Coordinate - Y,wYCoord,phase4_symbol,0xd365,RELOCATED,resolved by Phase 4 (address_mapping.csv),Pokemon Master!:=0; Prepare for Trouble!:=4; Make it Double!:=14,Charmander - The Stray Pokemon;Clefairy Used Attract;Denounce the Evils of Truth and Love,direct_rom_evidence
0xc026,WRAM,10,22,achievement,current;delta,8-bit,IDENTICAL_ADDRESS,True,Audio Track Channel 1 [8-bit]  BA = Pallet Town EA = Gym Leader Battle ED = Trainer Battle F0 = Wild Battle F3 = Final B,wChannelSoundIDs,phase4_symbol,0xc026,IDENTICAL,resolved by Phase 4 (address_mapping.csv),Prepare for Trouble!:=156; Prepare for Trouble!:=246; Prepare for Trouble!:!=237,Denounce the Evils of Truth and Love;Just Give Me 5 More Minutes;Make it Double!,direct_rom_evidence
0xd355,WRAM,10,21,achievement;leaderboard;rich_presence,current;delta,8-bit;bit0;bit1;bit2;bit3;bit4;bit5;bit6;bit7;bitcount,RELOCATED,True,[bitflag] Badges won  bit0: Boulder Badge bit1: Cascade Badge bit2: Thunder Badge bit3: Rainbow Badge bit4: Soul Badge b,wObtainedBadges,phase4_symbol,0xd35a,RELOCATED,resolved by Phase 4 (address_mapping.csv),Showdown in Pewter City:=0; Showdown in Pewter City:=1; The Water Flower of Cerulean City:=0,Electric Shock Showdown;Pokemon Scent-sation;Psychic Showdown,direct_rom_evidence
0xd361,WRAM,10,16,achievement,current,8-bit,RELOCATED,True,Coordinate - X,wXCoord,phase4_symbol,0xd366,RELOCATED,resolved by Phase 4 (address_mapping.csv),Pokemon Master!:=3; Prepare for Trouble!:=3; Make it Double!:>=24,Charmander - The Stray Pokemon;Clefairy Used Attract;Denounce the Evils of Truth and Love,direct_rom_evidence
0xcf2c,WRAM,8,8,achievement,current,8-bit,UNMAPPED,True,"Reacts to talking to Pikachu. Is 0 only on title AND menu screen. Loads later than the save data, can be used for save p",wStatusScreenHPBarColor+8(past declared size 1),nearest_symbol,0xcf31,RELOCATED,"dynamically confirmed: BizHawk GB System Bus watch of Italian 0xcf2c (unshifted, control) and 0xcf31 (+5 candidate) across title screen / Continue-New Game menu / normal overworld / an ordinary battle. 0xcf2c read 00 in all four states (ruled out — never leaves the gameplay-running guard's failing value). 0xcf31 read 00 on title screen and the Continue/New Game menu, then 51 during normal overworld gameplay and during an ordinary battle — reproducing English 0xcf2c's >0-during-gameplay, =0-on-title/menu behavior exactly; exact +5 match",Showdown in Pewter City:>0; The Water Flower of Cerulean City:>0; Electric Shock Showdown:>0,Electric Shock Showdown;Pokemon Scent-sation;Psychic Showdown,dynamic_confirmation
0xd2f6,WRAM,5,11,achievement;rich_presence,current;delta,bit0;bit3;bit6;bitcount,RELOCATED,True,Pokedex Caught bitflags Start  b0-Bulbasaur b1-Ivysaur b2-Venusaur b3-Charmander b4-Charmeleon b5-Charizard b6-Squirtle ,wPokedexOwned,phase4_symbol,0xd2fb,RELOCATED,resolved by Phase 4 (address_mapping.csv),Take care of Bulbasaur!:=1; Take care of Bulbasaur!:=0; Charmander - The Stray Pokemon:=1,Charmander - The Stray Pokemon;Gotta Catch 'em All - Yellow;Here Comes the Squirtle Squad!,direct_rom_evidence
0xd736,WRAM,5,10,achievement,current;delta,bit0;bit1;bit3;bit5;bit7,UNMAPPED,True,Trade List - Bitflags Bit0 = Lickitung for Dugtrio Bit1 = Clefairy for Mr. Mime Bit3 = Kangaskhan for Muk Bit5 = Tangela,wCompletedInGameTradeFlags+1,nearest_symbol,0xd73b,RELOCATED,"structural inference: base symbol wCompletedInGameTradeFlags is RELOCATED +5 (0xd735->0xd73a, ROM offset 0x39a bank 0, 37 English reference sites, address_mapping.csv), and its own +2 offset (0xd737, past the declared 2-byte size) was independently dynamically confirmed +5 (0xd737->0xd73c, data/dynamic_test_targets.csv T6) -- this address (+1, within the base symbol's own declared 2-byte size) inherits the same +5 delta. Supersedes the prior nearest_symbol ROM match to 0xd2b9 (ROM offset 0x71ded, bank 28): that was the same coincidental same-opcode-different-site false-positive pattern already caught and corrected elsewhere in this project (wPartyMon1Moves, wEventFlags+145, wEventFlags+233, wPokedexOwned+13) -- 0xd2b9 is actually wPartyMon1Nick+5 (an unrelated field, see address_mapping.csv row for 0xd2b4), not a trade-flags equivalent. Not independently dynamically tested at this specific offset; a Lickitung-for-Dugtrio, Clefairy-for-Mr.-Mime, Kangaskhan-for-Muk, Tangela-for-Parasect, or Golduck-for-Rhydon trade watched at Italian 0xd73b would settle it directly, mirroring T6's method",It's Mr. Mime Time!:=1; It's Mr. Mime Time!:=0; Can You Dig It?:=1,Can You Dig It?;It's Mr. Mime Time!;Literal Pile of S***,structural_inference
0xd013,WRAM,4,8,achievement,current,8-bit,RELOCATED,True,Own Pokemon ID,wBattleMonSpecies,phase4_symbol,0xd018,RELOCATED,resolved by Phase 4 (address_mapping.csv),Prepare for Trouble!:=0; Prepare for Trouble!:!=84; Make it Double!:=0,Denounce the Evils of Truth and Love;Make it Double!;Prepare for Trouble!,direct_rom_evidence
0xd307,WRAM,4,9,achievement;rich_presence,current;delta,bit6;bit7;bitcount,UNMAPPED,True,b0-Porygon b1-Omanyte b2-Omastar b3-Kabuto b4-Kabutops b5-Aerodactyl b6-Snorlax b7-Articuno,wPokedexOwned+17,nearest_symbol,0xd30c,RELOCATED,"structural inference: base symbol wPokedexOwned is RELOCATED (ROM offset 0xd615 (bank 3): same opcode (0x21) at the same site, operand changed from 0xd2f6 to 0xd2fb) — offset 17 applied unverified, not independently confirmed",The Sleeper Awakens:=1; The Sleeper Awakens:=0,Gotta Catch 'em All - Yellow;Rich Presence;The Sleeper Awakens,structural_inference
0xd308,WRAM,4,20,achievement;rich_presence,current;delta,bit0;bit1;bit5;bit6;bit7;bitcount,UNMAPPED,True,b0-Zapdos b1-Moltres b2-Dratini b3-Dragonair b4-Dragonite b5-Mewtwo b6-Mew,wPokedexOwned+18,nearest_symbol,0xd30d,RELOCATED,"structural inference: base symbol wPokedexOwned is RELOCATED (ROM offset 0xd615 (bank 3): same opcode (0x21) at the same site, operand changed from 0xd2f6 to 0xd2fb) — offset 18 applied unverified, not independently confirmed","Uno, Dos, Tres:=2; Uno, Dos, Tres:=3; Creation Gone Wrong:=1",Creation Gone Wrong;Gotta Catch 'em All - Yellow;Rich Presence,structural_inference
0xd35a,WRAM,3,4,achievement;leaderboard;rich_presence,current,8-bit,RELOCATED,True,Music ID,wMapMusicSoundID,phase4_symbol,0xd35f,RELOCATED,resolved by Phase 4 (address_mapping.csv),Who Needs Flash?:=231; Pikachu’s Beach:=243,Pikachu’s Beach;Rich Presence;Who Needs Flash?,direct_rom_evidence
0xcfc3,WRAM,2,3,achievement,current;delta,8-bit,RELOCATED,True,01=paused?,wFontLoaded,phase4_symbol,0xcfc8,RELOCATED,resolved by Phase 4 (address_mapping.csv),"Safari Perfectionist:=0; Safari Perfectionist:=1; Look, I'm Dancing!:=1","Look, I'm Dancing!;Safari Perfectionist",direct_rom_evidence
0xcfe4,WRAM,2,2,achievement,current,8-bit,RELOCATED,True,Current Enemy ID,wEnemyMonSpecies,phase4_symbol,0xcfe9,RELOCATED,resolved by Phase 4 (address_mapping.csv),The Tower of Terror:=145; The Sleeper Awakens:=132,The Sleeper Awakens;The Tower of Terror,direct_rom_evidence
0xd162,WRAM,2,3,achievement,current;delta,8-bit,RELOCATED,True,Number of pokemon in party,wPartyCount,phase4_symbol,0xd167,RELOCATED,resolved by Phase 4 (address_mapping.csv),Preparing to Be the Very Best:=6; Preparing to Be the Very Best:=5; That's Shocking!:!=1,Preparing to Be the Very Best;That's Shocking!,direct_rom_evidence
0xd163,WRAM,2,8,achievement,current,8-bit,RELOCATED,True,Pokemon 1 ID [8-bit]  IDs in this game do NOT match up with the Pokedex! That's handled elsewhere.,wPartySpecies,phase4_symbol,0xd168,RELOCATED,resolved by Phase 4 (address_mapping.csv),Halfway:!=0; Halfway:!=73; Halfway:!=74,Halfway;That's Shocking!,direct_rom_evidence
0xd2f7,WRAM,2,17,achievement;rich_presence,current;delta,bit4;bit5;bit6;bitcount,UNMAPPED,True,b0-Blastoise b1-Caterpie b2-Metapod b3-Butterfree b4-Weedle b5-Kakuna b6-Beedrill b7-Pidgey,wPokedexOwned+1,nearest_symbol,0xd2fc,RELOCATED,"structural inference: base symbol wPokedexOwned is RELOCATED (ROM offset 0xd615 (bank 3): same opcode (0x21) at the same site, operand changed from 0xd2f6 to 0xd2fb) — offset 1 applied unverified, not independently confirmed",,Gotta Catch 'em All - Yellow;Rich Presence,structural_inference
0xd2f8,WRAM,2,13,achievement;rich_presence,current;delta,bit6;bit7;bitcount,UNMAPPED,True,b0-Pidgeotto b1-Pidgeot b2-Rattata b3-Raticate b4-Spearow b5-Fearow b6-Ekans b7-Arbok,wPokedexOwned+2,nearest_symbol,0xd2fd,RELOCATED,"structural inference: base symbol wPokedexOwned is RELOCATED (ROM offset 0xd615 (bank 3): same opcode (0x21) at the same site, operand changed from 0xd2f6 to 0xd2fb) — offset 2 applied unverified, not independently confirmed",,Gotta Catch 'em All - Yellow;Rich Presence,structural_inference
0xd2f9,WRAM,2,9,achievement;rich_presence,current;delta,bit1;bitcount,UNMAPPED,True,b0-Pikachu b1-Raichu b2-Sandshrew b3-Sandslash b4-NidoranF b5-Nidorina b6-Nidoqueen b7-NidoranM,wPokedexOwned+3,nearest_symbol,0xd2f9,IDENTICAL,ROM offset 0x35dd1 (bank 13): identical opcode+operand bytes eaf9d2 in both ROMs,,Gotta Catch 'em All - Yellow;Rich Presence,direct_rom_evidence
0xd2fa,WRAM,2,5,achievement;rich_presence,current;delta,bitcount,UNMAPPED,True,b0-Nidorino b1-Nidoking b2-Clefairy b3-Clefable b4-Vulpix b5-Nintetales b6-Jigglypuff b7-Wigglytuff,wPokedexOwned+4,nearest_symbol,0xd2ff,RELOCATED,"structural inference: base symbol wPokedexOwned is RELOCATED (ROM offset 0xd615 (bank 3): same opcode (0x21) at the same site, operand changed from 0xd2f6 to 0xd2fb) — offset 4 applied unverified, not independently confirmed",,Gotta Catch 'em All - Yellow;Rich Presence,structural_inference
0xd2fb,WRAM,2,5,achievement;rich_presence,current;delta,bitcount,UNMAPPED,True,b0-Zubat b1-Golbat b2-Oddish b3-Gloom b4-Vileplume b5-Paras b6-Parasect b7-Venonat,wPokedexOwned+5,nearest_symbol,0xd300,RELOCATED,"dynamically confirmed: BizHawk watch of Italian 0xd300 across encountering then catching Venonat (#48, zero-based dex index 47, byte offset 5 bit7, mask 0x80) read 0x00 before capture and 0x80 (bit7 set) after capture, matching the game's own Pokédex Owned display and owned-count increment (6->7); supersedes the earlier structural-inference-only status for this specific offset — the +5 mapping for the wPokedexOwned array's other offsets remains structural inference, not independently re-verified by this test",,Gotta Catch 'em All - Yellow;Rich Presence,dynamic_confirmation
0xd2fc,WRAM,2,13,achievement;rich_presence,current;delta,bit3;bit4;bitcount,UNMAPPED,True,b0-Venomoth b1-Diglett b2-Dugtrio b3-Meowth b4-Persian b5-Psyduck b6-Golduck b7-Mankey,wPokedexOwned+6,nearest_symbol,0xd301,RELOCATED,"structural inference: base symbol wPokedexOwned is RELOCATED (ROM offset 0xd615 (bank 3): same opcode (0x21) at the same site, operand changed from 0xd2f6 to 0xd2fb) — offset 6 applied unverified, not independently confirmed",,Gotta Catch 'em All - Yellow;Rich Presence,structural_inference
0xd2fd,WRAM,2,5,achievement;rich_presence,current;delta,bitcount,UNMAPPED,True,b0-Primeape b1-Growlithe b2-Arcanine b3-Poliwag b4-Poliwhirl b5-Poliwrath b6-Abra b7-Kadabra,wPokedexOwned+7,nearest_symbol,0xd302,RELOCATED,"structural inference: base symbol wPokedexOwned is RELOCATED (ROM offset 0xd615 (bank 3): same opcode (0x21) at the same site, operand changed from 0xd2f6 to 0xd2fb) — offset 7 applied unverified, not independently confirmed",,Gotta Catch 'em All - Yellow;Rich Presence,structural_inference
0xd2fe,WRAM,2,9,achievement;rich_presence,current;delta,bit0;bitcount,UNMAPPED,True,b0-Alakazam b1-Machop b2-Machoke b3-Machamp b4-Bellsprout b5-Weepinbell b6-Victreebel b7-Tentacool,wPokedexOwned+8,nearest_symbol,0xd303,RELOCATED,"structural inference: base symbol wPokedexOwned is RELOCATED (ROM offset 0xd615 (bank 3): same opcode (0x21) at the same site, operand changed from 0xd2f6 to 0xd2fb) — offset 8 applied unverified, not independently confirmed",,Gotta Catch 'em All - Yellow;Rich Presence,structural_inference
0xd2ff,WRAM,2,9,achievement;rich_presence,current;delta,bit3;bitcount,UNMAPPED,True,b0-Tentacruel b1-Geodude b2-Graveler b3-Golem b4-Ponyta b5-Rapidash b6-Slowpoke b7-Slowbro,wPokedexOwned+9,nearest_symbol,0xd2ff,IDENTICAL,ROM offset 0x187f2 (bank 6): identical opcode+operand bytes 21ffd2 in both ROMs,,Gotta Catch 'em All - Yellow;Rich Presence,direct_rom_evidence
0xd300,WRAM,2,5,achievement;rich_presence,current;delta,bitcount,UNMAPPED,True,b0-Magnemite b1-Magneton b2-Farfetch'd b3-Doduo b4-Dodrio b5-Seel b6-Dewgong b7-Grimer,wPokedexOwned+10,nearest_symbol,0xd300,IDENTICAL,ROM offset 0x54b39 (bank 21): identical opcode+operand bytes 1100d3 in both ROMs,,Gotta Catch 'em All - Yellow;Rich Presence,direct_rom_evidence
0xd301,WRAM,2,9,achievement;rich_presence,current;delta,bit5;bitcount,UNMAPPED,True,b0-Muk b1-Shellder b2-Cloyster b3-Gastly b4-Haunter b5-Gengar b6-Onix b7-Drowzee,wPokedexOwned+11,nearest_symbol,0xd306,RELOCATED,"structural inference: base symbol wPokedexOwned is RELOCATED (ROM offset 0xd615 (bank 3): same opcode (0x21) at the same site, operand changed from 0xd2f6 to 0xd2fb) — offset 11 applied unverified, not independently confirmed",,Gotta Catch 'em All - Yellow;Rich Presence,structural_inference
0xd302,WRAM,2,5,achievement;rich_presence,current;delta,bitcount,UNMAPPED,True,b0-Hypno b1-Krabby b2-Kingler b3-Voltorb b4-Electrode b5-Exeggcute b6-Exeggutor b7-Cubone,wPokedexOwned+12,nearest_symbol,0xd307,RELOCATED,"structural inference: base symbol wPokedexOwned is RELOCATED (ROM offset 0xd615 (bank 3): same opcode (0x21) at the same site, operand changed from 0xd2f6 to 0xd2fb) — offset 12 applied unverified, not independently confirmed",,Gotta Catch 'em All - Yellow;Rich Presence,structural_inference
0xd303,WRAM,2,13,achievement;rich_presence,current;delta,bit4;bit5;bitcount,UNMAPPED,True,b0-Marowak b1-Hitmonlee b2-Hitmonchan b3-Lickitung b4-Koffing b5-Weezing b6-Rhyhorn b7-Rhydon,wPokedexOwned+13,nearest_symbol,0xd308,RELOCATED,"dynamically confirmed via Phase 8 end-to-end local-achievement test (docs/status.md): catching Hitmonlee (#106, zero-based dex index 105, byte offset 13, bit1, mask 0x02) as the Fighting Dojo prize triggered a local achievement watching Italian 0xd308 bit1, not this address -- the same coincidental-same-address-match failure mode already seen elsewhere in this project (wPartyMon1Moves, wEventFlags+145, wCompletedInGameTradeFlags, wEventFlags+233): the opcode+operand bytes at ROM offset 0x19f52 (bank 6) matching in both ROMs was a coincidence, not evidence this address is unshifted. Rejects the prior IDENTICAL classification; supersedes it with the dynamically-confirmed +5 relocated address -- the +5 mapping for the wPokedexOwned array's other offsets remains structural inference, not independently re-verified by this test",,Gotta Catch 'em All - Yellow;Rich Presence,dynamic_confirmation
0xd304,WRAM,2,5,achievement;rich_presence,current;delta,bitcount,UNMAPPED,True,b0-Chansey b1-Tangela b2-Kangaskhan b3-Horsea b4-Seadra b5-Goldeen b6-Seaking b7-Staryu,wPokedexOwned+14,nearest_symbol,0xd309,RELOCATED,"structural inference: base symbol wPokedexOwned is RELOCATED (ROM offset 0xd615 (bank 3): same opcode (0x21) at the same site, operand changed from 0xd2f6 to 0xd2fb) — offset 14 applied unverified, not independently confirmed",,Gotta Catch 'em All - Yellow;Rich Presence,structural_inference
0xd305,WRAM,2,17,achievement;rich_presence,current;delta,bit3;bit4;bit5;bitcount,UNMAPPED,True,b0-Starmie b1-Mr. Mime b2-Scyther b3-Jynx b4-Electabuzz b5-Magmar b6-Pinsir b7-Tauros,wPokedexOwned+15,nearest_symbol,0xd30a,RELOCATED,"structural inference: base symbol wPokedexOwned is RELOCATED (ROM offset 0xd615 (bank 3): same opcode (0x21) at the same site, operand changed from 0xd2f6 to 0xd2fb) — offset 15 applied unverified, not independently confirmed",,Gotta Catch 'em All - Yellow;Rich Presence,structural_inference
0xd306,WRAM,2,5,achievement;rich_presence,current;delta,bitcount,UNMAPPED,True,b0-Magikarp b1-Gyarados b2-Lapras b3-Ditto b4-Eevee b5-Vaporeon b6-Jolteon b7-Flareon,wPokedexOwned+16,nearest_symbol,0xd30b,RELOCATED,"structural inference: base symbol wPokedexOwned is RELOCATED (ROM offset 0xd615 (bank 3): same opcode (0x21) at the same site, operand changed from 0xd2f6 to 0xd2fb) — offset 16 applied unverified, not independently confirmed",,Gotta Catch 'em All - Yellow;Rich Presence,structural_inference
0xd737,WRAM,2,4,achievement,current;delta,bit0;bit1,UNMAPPED,True,Trade List - Bitflags Bit0 = Growlithe for Dewgong Bit1 = Cubone for Machoke,wCompletedInGameTradeFlags+2(past declared size 2),nearest_symbol,0xd73c,RELOCATED,"dynamically confirmed: BizHawk WRAM 0x173C went 0x00->0x02 (bit1 set) at the moment the Cubone-for-Machoke trade completed, matching the Code Note's bit1 exactly; range-watched 0x1730-0x174F with no other bit in range changing at that moment",King of Fighters:=1; King of Fighters:=0; Saved a Trip to the Islands!:=1,King of Fighters;Saved a Trip to the Islands!,dynamic_confirmation
0xd7ea,WRAM,2,4,achievement,current;delta,bit5;bit6,UNMAPPED,True,Route 22 Bit5 = Defeat Rival 2 Bit6 = Defeat Rival 7,wEventFlags+165,nearest_symbol,0xd7ef,RELOCATED,"ROM offset 0x1c879 (bank 7): same opcode (0x21) at the same site, operand changed from 0xd7ea to 0xd7ef",Smell You Later!:=1; Smell You Later!:=0; Gatekeeper of Victory Road:=1,Gatekeeper of Victory Road;Smell You Later!,direct_rom_evidence
0xc2f4,WRAM,1,1,achievement,current,8-bit,IDENTICAL_ADDRESS,True,Pikachu Y,wSpritePikachuStateData2MapY,phase4_symbol,0xc2f4,IDENTICAL,resolved by Phase 4 (address_mapping.csv),Clefairy Used Attract:=9,Clefairy Used Attract,direct_rom_evidence
0xc2f5,WRAM,1,1,achievement,current,8-bit,IDENTICAL_ADDRESS,True,Pikachu X,wSpritePikachuStateData2MapX,phase4_symbol,0xc2f5,IDENTICAL,resolved by Phase 4 (address_mapping.csv),Clefairy Used Attract:=10,Clefairy Used Attract,direct_rom_evidence
0xc4e1,WRAM,1,1,achievement,current,8-bit,UNMAPPED,True,Second Line of Text Box,wTileMap+321,nearest_symbol,0xc4e1,IDENTICAL,ROM offset 0x1748 (bank 0): identical opcode+operand bytes 21e1c4 in both ROMs,You're Not Getting Away from Me That Easily:=180,You're Not Getting Away from Me That Easily,direct_rom_evidence
0xc4e2,WRAM,1,1,achievement,current,8-bit,UNMAPPED,False,,wTileMap+322,nearest_symbol,0xc4e2,IDENTICAL,ROM offset 0xe4c95 (bank 57): identical opcode+operand bytes 11e2c4 in both ROMs,You're Not Getting Away from Me That Easily:=173,You're Not Getting Away from Me That Easily,direct_rom_evidence
0xc4e3,WRAM,1,1,achievement,current,8-bit,UNMAPPED,False,,wTileMap+323,nearest_symbol,0xc4e3,IDENTICAL,"structural inference: base symbol wTileMap is IDENTICAL_ADDRESS (ROM offset 0xb63 (bank 0): identical opcode+operand bytes 11a0c3 in both ROMs) — offset 323 applied unverified, not independently confirmed",You're Not Getting Away from Me That Easily:=167,You're Not Getting Away from Me That Easily,structural_inference
0xc4e4,WRAM,1,1,achievement,current,8-bit,UNMAPPED,False,,wTileMap+324,nearest_symbol,0xc4e4,IDENTICAL,"structural inference: base symbol wTileMap is IDENTICAL_ADDRESS (ROM offset 0xb63 (bank 0): identical opcode+operand bytes 11a0c3 in both ROMs) — offset 324 applied unverified, not independently confirmed",You're Not Getting Away from Me That Easily:=160,You're Not Getting Away from Me That Easily,structural_inference
0xc4e5,WRAM,1,1,achievement,current,8-bit,UNMAPPED,False,,wTileMap+325,nearest_symbol,0xc4e5,IDENTICAL,"structural inference: base symbol wTileMap is IDENTICAL_ADDRESS (ROM offset 0xb63 (bank 0): identical opcode+operand bytes 11a0c3 in both ROMs) — offset 325 applied unverified, not independently confirmed",You're Not Getting Away from Me That Easily:=175,You're Not Getting Away from Me That Easily,structural_inference
0xc4e6,WRAM,1,1,achievement,current,8-bit,UNMAPPED,False,,wTileMap+326,nearest_symbol,0xc4e6,IDENTICAL,"structural inference: base symbol wTileMap is IDENTICAL_ADDRESS (ROM offset 0xb63 (bank 0): identical opcode+operand bytes 11a0c3 in both ROMs) — offset 326 applied unverified, not independently confirmed",You're Not Getting Away from Me That Easily:=175,You're Not Getting Away from Me That Easily,structural_inference
0xc4e7,WRAM,1,1,achievement,current,8-bit,UNMAPPED,False,,wTileMap+327,nearest_symbol,0xc4e7,IDENTICAL,"structural inference: base symbol wTileMap is IDENTICAL_ADDRESS (ROM offset 0xb63 (bank 0): identical opcode+operand bytes 11a0c3 in both ROMs) — offset 327 applied unverified, not independently confirmed",You're Not Getting Away from Me That Easily:=184,You're Not Getting Away from Me That Easily,structural_inference
0xc4e8,WRAM,1,1,achievement,current,8-bit,UNMAPPED,False,,wTileMap+328,nearest_symbol,0xc4e8,IDENTICAL,"structural inference: base symbol wTileMap is IDENTICAL_ADDRESS (ROM offset 0xb63 (bank 0): identical opcode+operand bytes 11a0c3 in both ROMs) — offset 328 applied unverified, not independently confirmed",You're Not Getting Away from Me That Easily:=127,You're Not Getting Away from Me That Easily,structural_inference
0xc4e9,WRAM,1,1,achievement,current,8-bit,UNMAPPED,False,,wTileMap+329,nearest_symbol,0xc4e7,RELOCATED,"ROM offset 0x3cfd6 (bank 15): same opcode (0x21) at the same site, operand changed from 0xc4e9 to 0xc4e7",You're Not Getting Away from Me That Easily:=160,You're Not Getting Away from Me That Easily,direct_rom_evidence
0xc4ea,WRAM,1,1,achievement,current,8-bit,UNMAPPED,False,,wTileMap+330,nearest_symbol,0xc9ea,RELOCATED,"ROM offset 0x3b5 (bank 0): same opcode (0x08) at the same site, operand changed from 0xc4ea to 0xc9ea",You're Not Getting Away from Me That Easily:=161,You're Not Getting Away from Me That Easily,direct_rom_evidence
0xc4eb,WRAM,1,1,achievement,current,8-bit,UNMAPPED,False,,wTileMap+331,nearest_symbol,0xc4eb,IDENTICAL,"structural inference: base symbol wTileMap is IDENTICAL_ADDRESS (ROM offset 0xb63 (bank 0): identical opcode+operand bytes 11a0c3 in both ROMs) — offset 331 applied unverified, not independently confirmed",You're Not Getting Away from Me That Easily:=174,You're Not Getting Away from Me That Easily,structural_inference
0xc4ec,WRAM,1,1,achievement,current,8-bit,UNMAPPED,False,,wTileMap+332,nearest_symbol,0xc4ec,IDENTICAL,"structural inference: base symbol wTileMap is IDENTICAL_ADDRESS (ROM offset 0xb63 (bank 0): identical opcode+operand bytes 11a0c3 in both ROMs) — offset 332 applied unverified, not independently confirmed",You're Not Getting Away from Me That Easily:=180,You're Not Getting Away from Me That Easily,structural_inference
0xc4ed,WRAM,1,1,achievement,current,8-bit,UNMAPPED,False,,wTileMap+333,nearest_symbol,0xc4ed,IDENTICAL,"structural inference: base symbol wTileMap is IDENTICAL_ADDRESS (ROM offset 0xb63 (bank 0): identical opcode+operand bytes 11a0c3 in both ROMs) — offset 333 applied unverified, not independently confirmed",You're Not Getting Away from Me That Easily:=179,You're Not Getting Away from Me That Easily,structural_inference
0xc4ee,WRAM,1,1,achievement,current,8-bit,UNMAPPED,False,,wTileMap+334,nearest_symbol,0xc4ee,IDENTICAL,"structural inference: base symbol wTileMap is IDENTICAL_ADDRESS (ROM offset 0xb63 (bank 0): identical opcode+operand bytes 11a0c3 in both ROMs) — offset 334 applied unverified, not independently confirmed",You're Not Getting Away from Me That Easily:=127,You're Not Getting Away from Me That Easily,structural_inference
0xc4ef,WRAM,1,1,achievement,current,8-bit,UNMAPPED,False,,wTileMap+335,nearest_symbol,0xc4ef,IDENTICAL,"structural inference: base symbol wTileMap is IDENTICAL_ADDRESS (ROM offset 0xb63 (bank 0): identical opcode+operand bytes 11a0c3 in both ROMs) — offset 335 applied unverified, not independently confirmed",You're Not Getting Away from Me That Easily:=168,You're Not Getting Away from Me That Easily,structural_inference
0xc4f0,WRAM,1,1,achievement,current,8-bit,UNMAPPED,False,,wTileMap+336,nearest_symbol,0xc4f0,IDENTICAL,"structural inference: base symbol wTileMap is IDENTICAL_ADDRESS (ROM offset 0xb63 (bank 0): identical opcode+operand bytes 11a0c3 in both ROMs) — offset 336 applied unverified, not independently confirmed",You're Not Getting Away from Me That Easily:=179,You're Not Getting Away from Me That Easily,structural_inference
0xc4f1,WRAM,1,1,achievement,current,8-bit,UNMAPPED,False,,wTileMap+337,nearest_symbol,0xc4f1,IDENTICAL,"structural inference: base symbol wTileMap is IDENTICAL_ADDRESS (ROM offset 0xb63 (bank 0): identical opcode+operand bytes 11a0c3 in both ROMs) — offset 337 applied unverified, not independently confirmed",You're Not Getting Away from Me That Easily:=231,You're Not Getting Away from Me That Easily,structural_inference
0xc5d1,WRAM,1,2,leaderboard,current,8-bit,IDENTICAL_ADDRESS,False,,wSurfingMinigameRoutineNumber,phase4_symbol,0xc5d1,IDENTICAL,resolved by Phase 4 (address_mapping.csv),Pikachu’s Beach:=5,Pikachu’s Beach,direct_rom_evidence
0xc5dc,WRAM,1,1,leaderboard,bcd,8-bit,IDENTICAL_ADDRESS,False,,wSurfingMinigameTotalScore,phase4_symbol,0xc5dc,IDENTICAL,resolved by Phase 4 (address_mapping.csv),,Pikachu’s Beach,direct_rom_evidence
0xc5dd,WRAM,1,1,leaderboard,bcd,8-bit,UNMAPPED,False,,wSurfingMinigameTotalScore+1,nearest_symbol,0xc5dd,IDENTICAL,"structural inference: base symbol wSurfingMinigameTotalScore is IDENTICAL_ADDRESS (ROM offset 0xa989 (bank 2): identical opcode+operand bytes 31dcc5 in both ROMs) — offset 1 applied unverified, not independently confirmed",,Pikachu’s Beach,structural_inference
0xccd3,WRAM,1,1,achievement,current,8-bit,IDENTICAL_ADDRESS,True,possible current pc submenu,wCanEvolveFlags,phase4_symbol,0xccd3,IDENTICAL,resolved by Phase 4 (address_mapping.csv),You're Not Getting Away from Me That Easily:=2,You're Not Getting Away from Me That Easily,direct_rom_evidence
0xd056,WRAM,1,1,achievement,current,8-bit,RELOCATED,True,[8-bit] Battle 0x00 - No Battle 0x01 - Wild 0x02 - Trainer 0xff - Whited Out,wIsInBattle,phase4_symbol,0xd05b,RELOCATED,resolved by Phase 4 (address_mapping.csv),"Look, I'm Dancing!:!=0","Look, I'm Dancing!",direct_rom_evidence
0xd157,WRAM,1,1,rich_presence,current,8-bit,RELOCATED,True,Your Name - 1st Character,wPlayerName,phase4_symbol,0xd15c,RELOCATED,resolved by Phase 4 (address_mapping.csv),,Rich Presence,direct_rom_evidence
0xd164,WRAM,1,7,achievement,current,8-bit,UNMAPPED,True,Pokemon 2 ID,wPartySpecies+1,nearest_symbol,0xd169,RELOCATED,"structural inference: base symbol wPartySpecies is RELOCATED (ROM offset 0x127c (bank 0): same opcode (0x21) at the same site, operand changed from 0xd163 to 0xd168) — offset 1 applied unverified, not independently confirmed",Halfway:!=0; Halfway:!=73; Halfway:!=74,Halfway,structural_inference
0xd165,WRAM,1,7,achievement,current,8-bit,UNMAPPED,True,Pokemon 3 ID,wPartySpecies+2,nearest_symbol,0xd16a,RELOCATED,"structural inference: base symbol wPartySpecies is RELOCATED (ROM offset 0x127c (bank 0): same opcode (0x21) at the same site, operand changed from 0xd163 to 0xd168) — offset 2 applied unverified, not independently confirmed",Halfway:!=0; Halfway:!=73; Halfway:!=74,Halfway,structural_inference
0xd166,WRAM,1,7,achievement,current,8-bit,UNMAPPED,True,Pokemon 4 ID,wPartySpecies+3,nearest_symbol,0xd16b,RELOCATED,"structural inference: base symbol wPartySpecies is RELOCATED (ROM offset 0x127c (bank 0): same opcode (0x21) at the same site, operand changed from 0xd163 to 0xd168) — offset 3 applied unverified, not independently confirmed",Halfway:!=0; Halfway:!=73; Halfway:!=74,Halfway,structural_inference
0xd167,WRAM,1,7,achievement,current,8-bit,UNMAPPED,True,Pokemon 5 ID,wPartySpecies+4,nearest_symbol,0xd16c,RELOCATED,"structural inference: base symbol wPartySpecies is RELOCATED (ROM offset 0x127c (bank 0): same opcode (0x21) at the same site, operand changed from 0xd163 to 0xd168) — offset 4 applied unverified, not independently confirmed",Halfway:!=0; Halfway:!=73; Halfway:!=74,Halfway,structural_inference
0xd168,WRAM,1,7,achievement,current,8-bit,UNMAPPED,True,Pokemon 6 ID,wPartySpecies+5,nearest_symbol,0xd16d,RELOCATED,"structural inference: base symbol wPartySpecies is RELOCATED (ROM offset 0x127c (bank 0): same opcode (0x21) at the same site, operand changed from 0xd163 to 0xd168) — offset 5 applied unverified, not independently confirmed",Halfway:!=0; Halfway:!=73; Halfway:!=74,Halfway,structural_inference
0xd172,WRAM,1,1,achievement,current,8-bit,RELOCATED,True,Pokemon 1 Move 1,wPartyMon1Moves,phase4_symbol,0xd177,RELOCATED,"dynamically confirmed: BizHawk WRAM 0x1177 read 0x55 (Thunderbolt) matching the on-screen move; supersedes the earlier 0xcd3d static match, now rejected",That's Shocking!:=57,That's Shocking!,dynamic_confirmation
0xd173,WRAM,1,1,achievement,current,8-bit,UNMAPPED,True,Pokemon 1 Move 2,wPartyMon1Moves+1,nearest_symbol,0xd178,RELOCATED,"dynamically confirmed: BizHawk WRAM 0x1178 read 0x2D (Growl) matching the on-screen move; supersedes the earlier 0xcd3e structural inference, now rejected",That's Shocking!:=57,That's Shocking!,dynamic_confirmation
0xd174,WRAM,1,1,achievement,current,8-bit,UNMAPPED,True,Pokemon 1 Move 3,wPartyMon1Moves+2,nearest_symbol,0xd179,RELOCATED,"dynamically confirmed: BizHawk WRAM 0x1179 read 0x27 (Tail Whip) matching the on-screen move; supersedes the earlier 0xcd3f structural inference, now rejected",That's Shocking!:=57,That's Shocking!,dynamic_confirmation
0xd175,WRAM,1,1,achievement,current,8-bit,UNMAPPED,True,Pokemon 1 Move 4,wPartyMon1Moves+3,nearest_symbol,0xd17a,RELOCATED,"dynamically confirmed: BizHawk WRAM 0x117A read 0x59 (Earthquake) matching the on-screen move; supersedes the earlier 0xcd40 structural inference, now rejected",That's Shocking!:=57,That's Shocking!,dynamic_confirmation
0xd18b,WRAM,1,3,achievement,current;delta,8-bit,RELOCATED,True,pokemon 1 actual level [8-bit],wPartyMon1Level,phase4_symbol,0xd190,RELOCATED,resolved by Phase 4 (address_mapping.csv),Halfway:>=50; Halfway:<=100; Halfway:<50,Halfway,direct_rom_evidence
0xd1b7,WRAM,1,3,achievement,current;delta,8-bit,DYNAMIC_TEST_REQUIRED,True,pokemon 2 actual level [8-bit],wPartyMon2Level,phase4_symbol,0xd1bc,RELOCATED,"dynamically confirmed: BizHawk WRAM 0x11BC read 60, matching this party slot's actual level (party of 6, slot 2 at Lv60)",Halfway:>=50; Halfway:<=100; Halfway:<50,Halfway,dynamic_confirmation
0xd1e3,WRAM,1,3,achievement,current;delta,8-bit,DYNAMIC_TEST_REQUIRED,True,pokemon 3 actual level [8-bit],wPartyMon3Level,phase4_symbol,0xd1e8,RELOCATED,"dynamically confirmed: BizHawk WRAM 0x11E8 read 50, matching this party slot's actual level",Halfway:>=50; Halfway:<=100; Halfway:<50,Halfway,dynamic_confirmation
0xd20f,WRAM,1,3,achievement,current;delta,8-bit,UNRESOLVED,True,pokemon 4 actual level [8-bit],wPartyMon4Level,phase4_symbol,0xd214,RELOCATED,"dynamically confirmed: BizHawk WRAM 0x1214 read 50, matching this party slot's actual level; supersedes the earlier UNVERIFIED status (no static evidence existed either way)",Halfway:>=50; Halfway:<=100; Halfway:<50,Halfway,dynamic_confirmation
0xd23b,WRAM,1,3,achievement,current;delta,8-bit,UNRESOLVED,True,pokemon 5 actual level [8-bit],wPartyMon5Level,phase4_symbol,0xd240,RELOCATED,"dynamically confirmed: BizHawk WRAM 0x1240 read 50, matching this party slot's actual level; supersedes the earlier UNVERIFIED status",Halfway:>=50; Halfway:<=100; Halfway:<50,Halfway,dynamic_confirmation
0xd267,WRAM,1,3,achievement,current;delta,8-bit,UNRESOLVED,True,pokemon 6 actual level [8-bit],wPartyMon6Level,phase4_symbol,0xd26c,RELOCATED,"dynamically confirmed: BizHawk WRAM 0x126C read 50, matching this party slot's actual level; supersedes the earlier UNVERIFIED status",Halfway:>=50; Halfway:<=100; Halfway:<50,Halfway,dynamic_confirmation
0xd309,WRAM,1,1,rich_presence,current,bitcount,RELOCATED,True,"Pokedex (Seen) START: Bulbasaur, Ivysaur, Venusaur, Charmander, Charmeleon, Charizard, Squirtle, Wartortle",wPokedexSeen,phase4_symbol,0xd30e,RELOCATED,resolved by Phase 4 (address_mapping.csv),,Rich Presence,direct_rom_evidence
0xd30a,WRAM,1,1,rich_presence,current,bitcount,UNMAPPED,True,Pokedex (Seen) 9-16,wPokedexSeen+1,nearest_symbol,0xd30a,IDENTICAL,ROM offset 0x25d31 (bank 9): identical opcode+operand bytes fa0ad3 in both ROMs,,Rich Presence,direct_rom_evidence
0xd30b,WRAM,1,1,rich_presence,current,bitcount,UNMAPPED,True,Pokedex (Owned) 17-24,wPokedexSeen+2,nearest_symbol,0xd310,RELOCATED,"structural inference: base symbol wPokedexSeen is RELOCATED (ROM offset 0x4008d (bank 16): same opcode (0x21) at the same site, operand changed from 0xd309 to 0xd30e) — offset 2 applied unverified, not independently confirmed",,Rich Presence,structural_inference
0xd30c,WRAM,1,1,rich_presence,current,bitcount,UNMAPPED,True,Pokedex (Owned) 25-32,wPokedexSeen+3,nearest_symbol,0xd311,RELOCATED,"structural inference: base symbol wPokedexSeen is RELOCATED (ROM offset 0x4008d (bank 16): same opcode (0x21) at the same site, operand changed from 0xd309 to 0xd30e) — offset 3 applied unverified, not independently confirmed",,Rich Presence,structural_inference
0xd30d,WRAM,1,1,rich_presence,current,bitcount,UNMAPPED,True,Pokedex (Owned) 33-40,wPokedexSeen+4,nearest_symbol,0xd312,RELOCATED,"structural inference: base symbol wPokedexSeen is RELOCATED (ROM offset 0x4008d (bank 16): same opcode (0x21) at the same site, operand changed from 0xd309 to 0xd30e) — offset 4 applied unverified, not independently confirmed",,Rich Presence,structural_inference
0xd30e,WRAM,1,1,rich_presence,current,bitcount,UNMAPPED,True,Pokedex (Owned) 41-48,wPokedexSeen+5,nearest_symbol,0xd313,RELOCATED,"dynamically confirmed: BizHawk watch of Italian 0xd313 across encountering then catching Venonat (#48, zero-based dex index 47, byte offset 5 bit7, mask 0x80) read 0x0C before the encounter and 0x8C (bit7 set) immediately after, matching the game's own Pokédex Seen display flipping from unseen to seen; supersedes the earlier structural-inference-only status for this specific offset — the +5 mapping for the wPokedexSeen array's other offsets remains structural inference, not independently re-verified by this test",,Rich Presence,dynamic_confirmation
0xd30f,WRAM,1,1,rich_presence,current,bitcount,UNMAPPED,True,Pokedex (Owned) 49-56,wPokedexSeen+6,nearest_symbol,0xd314,RELOCATED,"structural inference: base symbol wPokedexSeen is RELOCATED (ROM offset 0x4008d (bank 16): same opcode (0x21) at the same site, operand changed from 0xd309 to 0xd30e) — offset 6 applied unverified, not independently confirmed",,Rich Presence,structural_inference
0xd310,WRAM,1,1,rich_presence,current,bitcount,UNMAPPED,True,Pokedex (Owned) 57-64,wPokedexSeen+7,nearest_symbol,0xd315,RELOCATED,"structural inference: base symbol wPokedexSeen is RELOCATED (ROM offset 0x4008d (bank 16): same opcode (0x21) at the same site, operand changed from 0xd309 to 0xd30e) — offset 7 applied unverified, not independently confirmed",,Rich Presence,structural_inference
0xd311,WRAM,1,1,rich_presence,current,bitcount,UNMAPPED,True,Pokedex (Owned) 65-72,wPokedexSeen+8,nearest_symbol,0xd316,RELOCATED,"structural inference: base symbol wPokedexSeen is RELOCATED (ROM offset 0x4008d (bank 16): same opcode (0x21) at the same site, operand changed from 0xd309 to 0xd30e) — offset 8 applied unverified, not independently confirmed",,Rich Presence,structural_inference
0xd312,WRAM,1,1,rich_presence,current,bitcount,UNMAPPED,True,Pokedex (Owned) 73-80,wPokedexSeen+9,nearest_symbol,0xd317,RELOCATED,"structural inference: base symbol wPokedexSeen is RELOCATED (ROM offset 0x4008d (bank 16): same opcode (0x21) at the same site, operand changed from 0xd309 to 0xd30e) — offset 9 applied unverified, not independently confirmed",,Rich Presence,structural_inference
0xd313,WRAM,1,1,rich_presence,current,bitcount,UNMAPPED,True,Pokedex (Owned) 81-88,wPokedexSeen+10,nearest_symbol,0xd318,RELOCATED,"structural inference: base symbol wPokedexSeen is RELOCATED (ROM offset 0x4008d (bank 16): same opcode (0x21) at the same site, operand changed from 0xd309 to 0xd30e) — offset 10 applied unverified, not independently confirmed",,Rich Presence,structural_inference
0xd314,WRAM,1,1,rich_presence,current,bitcount,UNMAPPED,True,Pokedex (Owned) 89-96,wPokedexSeen+11,nearest_symbol,0xd319,RELOCATED,"structural inference: base symbol wPokedexSeen is RELOCATED (ROM offset 0x4008d (bank 16): same opcode (0x21) at the same site, operand changed from 0xd309 to 0xd30e) — offset 11 applied unverified, not independently confirmed",,Rich Presence,structural_inference
0xd315,WRAM,1,1,rich_presence,current,bitcount,UNMAPPED,True,Pokedex (Owned) 97-104,wPokedexSeen+12,nearest_symbol,0xd315,IDENTICAL,ROM offset 0xca76 (bank 3): identical opcode+operand bytes 0815d3 in both ROMs,,Rich Presence,direct_rom_evidence
0xd316,WRAM,1,1,rich_presence,current,bitcount,UNMAPPED,True,Pokedex (Owned) 105-112,wPokedexSeen+13,nearest_symbol,0xd31b,RELOCATED,"dynamically confirmed via Phase 8 end-to-end local-achievement test (docs/status.md): encountering Hitmonlee (#106, zero-based dex index 105, byte offset 13, bit1, mask 0x02) as the Fighting Dojo master's Pokemon triggered a local achievement watching Italian 0xd31b bit1, matching the game's own Pokedex Seen display flipping from unseen to seen. Supersedes the earlier structural-inference-only status for this specific offset -- the +5 mapping for the wPokedexSeen array's other offsets remains structural inference, not independently re-verified by this test",,Rich Presence,dynamic_confirmation
0xd317,WRAM,1,1,rich_presence,current,bitcount,UNMAPPED,True,Pokedex (Owned) 113-120,wPokedexSeen+14,nearest_symbol,0xd31c,RELOCATED,"structural inference: base symbol wPokedexSeen is RELOCATED (ROM offset 0x4008d (bank 16): same opcode (0x21) at the same site, operand changed from 0xd309 to 0xd30e) — offset 14 applied unverified, not independently confirmed",,Rich Presence,structural_inference
0xd318,WRAM,1,1,rich_presence,current,bitcount,UNMAPPED,True,Pokedex (Owned) 121-128,wPokedexSeen+15,nearest_symbol,0xd31d,RELOCATED,"structural inference: base symbol wPokedexSeen is RELOCATED (ROM offset 0x4008d (bank 16): same opcode (0x21) at the same site, operand changed from 0xd309 to 0xd30e) — offset 15 applied unverified, not independently confirmed",,Rich Presence,structural_inference
0xd319,WRAM,1,1,rich_presence,current,bitcount,UNMAPPED,True,Pokedex (Owned) 129-136,wPokedexSeen+16,nearest_symbol,0xd31e,RELOCATED,"structural inference: base symbol wPokedexSeen is RELOCATED (ROM offset 0x4008d (bank 16): same opcode (0x21) at the same site, operand changed from 0xd309 to 0xd30e) — offset 16 applied unverified, not independently confirmed",,Rich Presence,structural_inference
0xd31a,WRAM,1,1,rich_presence,current,bitcount,UNMAPPED,True,Pokedex (Owned) 137-144,wPokedexSeen+17,nearest_symbol,0xd31f,RELOCATED,"structural inference: base symbol wPokedexSeen is RELOCATED (ROM offset 0x4008d (bank 16): same opcode (0x21) at the same site, operand changed from 0xd309 to 0xd30e) — offset 17 applied unverified, not independently confirmed",,Rich Presence,structural_inference
0xd31b,WRAM,1,1,rich_presence,current,bitcount,UNMAPPED,True,Pokedex (SEEN) END 145-151,wPokedexSeen+18,nearest_symbol,0xd320,RELOCATED,"ROM offset 0x4022c (bank 16): same opcode (0x21) at the same site, operand changed from 0xd31b to 0xd320",,Rich Presence,direct_rom_evidence
0xd357,WRAM,1,1,achievement,current,8-bit,RELOCATED,True,0x03 = Textmessage,wLetterPrintingDelayFlags,phase4_symbol,0xd35c,RELOCATED,resolved by Phase 4 (address_mapping.csv),Who Needs Flash?:=3,Who Needs Flash?,direct_rom_evidence
0xd35c,WRAM,1,1,achievement,current,8-bit,RELOCATED,True,For Rock Tunnel 06 = Dark in the Cave 00 = Light in the Cave,wMapPalOffset,phase4_symbol,0xd361,RELOCATED,resolved by Phase 4 (address_mapping.csv),Who Needs Flash?:=0,Who Needs Flash?,direct_rom_evidence
0xd437,WRAM,1,5,achievement,current;prior,8-bit,RELOCATED,True,5-7 = Pikachu behind ledge,wPikachuFollowCommandBuffer,phase4_symbol,0xd43c,RELOCATED,resolved by Phase 4 (address_mapping.csv),"Look, I'm Dancing!:<=4; Look, I'm Dancing!:>=5; Look, I'm Dancing!:<=8","Look, I'm Dancing!",direct_rom_evidence
0xd5a1,WRAM,1,4,leaderboard,current;delta,8-bit,RELOCATED,False,,wNumHoFTeams,phase4_symbol,0xd5a6,RELOCATED,resolved by Phase 4 (address_mapping.csv),,Speedrun,direct_rom_evidence
0xd664,WRAM,1,2,achievement,current;delta,bit2,IDENTICAL_ADDRESS,True,S.S Anne Ship - First Floor Bit2 = Defeat Rival 4,wSSAnne2FCurScript,phase4_symbol,0xd664,IDENTICAL,resolved by Phase 4 (address_mapping.csv),Battle Aboard the St. Anne:=1; Battle Aboard the St. Anne:=0,Battle Aboard the St. Anne,direct_rom_evidence
0xd6ff,WRAM,1,1,achievement,current,8-bit,RELOCATED,True,[8-bit] Bike Manually editing gives you bike speed 0x00 - Walking 0x01 - On Your Bike,wWalkBikeSurfState,phase4_symbol,0xd704,RELOCATED,resolved by Phase 4 (address_mapping.csv),"Look, I'm Dancing!:=1","Look, I'm Dancing!",direct_rom_evidence
0xd70c,WRAM,1,1,achievement,current,16-bit,RELOCATED,True,Safari Zone Steps 16-bit recommend  500/500 steps = f401 499/500 steps = f301 ... 1/500 steps = 0100 0/500 steps = 0000,wFossilItem,phase4_symbol,0xd711,RELOCATED,resolved by Phase 4 (address_mapping.csv),Safari Perfectionist:=53504,Safari Perfectionist,direct_rom_evidence
0xd71a,WRAM,1,1,leaderboard,delta,8-bit,DYNAMIC_TEST_REQUIRED,False,,wTileInFrontOfBoulderAndBoulderCollisionResult,phase4_symbol,0xd71f,RELOCATED,dynamically confirmed: BizHawk watch of Italian 0xd71a (unshifted control) and 0xd71f (+5 candidate). 0xd71a read 0x00. 0xd71f was already 0xFF BEFORE Hall of Fame entry and remained 0xFF through the transition -- NOT a 0x00->0xFF flip observed at Hall of Fame entry as the original test plan hypothesised; the byte simply reads 0xFF throughout this window. Exact +5 match on address; the original delta-based trigger timing hypothesis is not confirmed by this observation and should not be restated as such,Speedrun:=255,Speedrun,dynamic_confirmation
0xd74d,WRAM,1,3,achievement,current;delta,bit0,UNMAPPED,True,bit0=obtained pokedex bit1=obtained oaks parcel,wEventFlags+8,nearest_symbol,0xd752,RELOCATED,"ROM offset 0x1c823 (bank 7): same opcode (0x21) at the same site, operand changed from 0xd74d to 0xd752",Pokemon - I Choose You!:=0; Pokemon - I Choose You!:=0; Pokemon - I Choose You!:=1,Pokemon - I Choose You!,direct_rom_evidence
0xd759,WRAM,1,2,achievement,current;delta,bit0,UNMAPPED,True,Cerulean City Bit0 = Defeat Rival 3,wEventFlags+20,nearest_symbol,0xd75e,RELOCATED,"ROM offset 0x195b4 (bank 6): same opcode (0xfa) at the same site, operand changed from 0xd759 to 0xd75e",Gatekeeper of the Nugget Bridge:=1; Gatekeeper of the Nugget Bridge:=0,Gatekeeper of the Nugget Bridge,direct_rom_evidence
0xd763,WRAM,1,2,achievement,current;delta,bit7,UNMAPPED,True,Lavender Town 1st Bit7 = Defeat Rival 5,wEventFlags+30,nearest_symbol,0xd768,RELOCATED,"ROM offset 0x60510 (bank 24): same opcode (0xfa) at the same site, operand changed from 0xd763 to 0xd768",Not the most appropriate arena...:=1; Not the most appropriate arena...:=0,Not the most appropriate arena...,direct_rom_evidence
0xd7b0,WRAM,1,2,achievement,current,bit0,UNMAPPED,True,Saffron City Gym Left Bit0 = Get either Hitmonchan or Hitmonlee Bit1 = Defeat Leader Bit2 = Defeat Trainer 4 Bit3 = Defe,wEventFlags+107,nearest_symbol,0xd7b5,RELOCATED,"dynamically confirmed: BizHawk watch of Italian 0xd7b0 (unshifted control) and 0xd7b5 (+5 candidate) across taking Hitmonlee as the Fighting Dojo prize. 0xd7b0 stayed 0x00 throughout (clean negative control). 0xd7b5 went 0x3E (00111110) -> 0x7F (01111111) — bit0 flipped 0->1, exactly matching the achievement's bit0 'obtained either Hitmonchan or Hitmonlee' condition; exact +5 match",King of the Dojo:=1; King of the Dojo:=0,King of the Dojo,dynamic_confirmation
0xd7c5,WRAM,1,2,achievement,current;delta,bit7,UNMAPPED,True,[Route 3 - Pokecenter] Bit7 = Bought Magikarp,wEventFlags+128,nearest_symbol,0xd7ca,RELOCATED,"dynamically confirmed: BizHawk WRAM 0x17CA went 0x00->0x80 (bit7 set) at the moment of buying the Route 3/Mt. Moon Magikarp, while unshifted 0x17C5 stayed 0x00 as a negative control — exact +5 match",Fish Out Of Water:=1; Fish Out Of Water:=0,Fish Out Of Water,dynamic_confirmation
0xd7d6,WRAM,1,12,achievement,current;delta,bit2;bit3;bit4;bit5;bit6;bit7,UNMAPPED,True,Route 12 Bit2 = Defeat Trainer 1 Bit3 = Defeat Trainer 2 Bit4 = Defeat Trainer 7 Bit5 = Defeat Trainer 5 Bit6 = Defeat T,wEventFlags+145,nearest_symbol,0xd7db,RELOCATED,"dynamically confirmed: BizHawk WRAM 0x17DB (cell-click confirmed start of the relocated block) accumulated bits 2-7 one at a time across Route 12 trainer defeats, reaching 0xFC (all 6 bits) exactly matching this byte's mask; rejects the prior IDENTICAL classification, which was a coincidental single-site match (ROM offset 0x262bb, bank 9)",,The Long Way Gauntlet,dynamic_confirmation
0xd7d7,WRAM,1,2,achievement,current;delta,bit0,UNMAPPED,True,Route 12 Bit0 = Defeat Trainer 6,wEventFlags+146,nearest_symbol,0xd7dc,RELOCATED,"dynamically confirmed: BizHawk WRAM 0x17DC went 0x00->0x01 (bit0 set) as the 7th and final Route 12 trainer was defeated, immediately adjacent to the confirmed 0x17DB byte; matches the prior static direct-evidence delta of +5",,The Long Way Gauntlet,dynamic_confirmation
0xd7d8,WRAM,1,14,achievement,current;delta,bit1;bit2;bit3;bit4;bit5;bit6;bit7,UNMAPPED,True,Route 13 Bit1 = Defeat Trainer 2 Bit2 = Defeat Trainer 3 Bit3 = Defeat Trainer 6 Bit4 = Defeat Trainer 7 Bit5 = Defeat T,wEventFlags+147,nearest_symbol,0xd7dd,RELOCATED,"dynamically confirmed: BizHawk WRAM 0x17DD accumulated bits 1-7 one at a time across Route 13 trainer defeats, reaching 0xFE (all 7 bits) exactly matching this byte's mask, immediately adjacent to the confirmed Route 12 block",,The Long Way Gauntlet,dynamic_confirmation
0xd7d9,WRAM,1,6,achievement,current;delta,bit0;bit1;bit2,UNMAPPED,True,Route 13 Bit0 = Defeat Trainer 5 Bit1 = Defeat Trainer 10 Bit2 = Defeat Trainer 8,wEventFlags+148,nearest_symbol,0xd7de,RELOCATED,"dynamically confirmed: BizHawk WRAM 0x17DE accumulated bits 0-2 one at a time across Route 13 trainer defeats, reaching 0x07 (all 3 bits) exactly matching this byte's mask",,The Long Way Gauntlet,dynamic_confirmation
0xd7da,WRAM,1,14,achievement,current;delta,bit1;bit2;bit3;bit4;bit5;bit6;bit7,UNMAPPED,True,Route 14 Bit1 = Defeat Trainer 1 Bit2 = Defeat Trainer 2 Bit3 = Defeat Trainer 3 Bit4 = Defeat Trainer 4 Bit5 = Defeat T,wEventFlags+149,nearest_symbol,0xd7df,RELOCATED,"dynamically confirmed: BizHawk WRAM 0x17DF read 0xFE (bits 1-7, all 7 Route 14 trainers) at the end of a full Routes 12-15 clear run, exactly matching this byte's mask",,The Long Way Gauntlet,dynamic_confirmation
0xd7db,WRAM,1,6,achievement,current;delta,bit0;bit1;bit2,UNMAPPED,True,Route 14 Bit0 = Defeat Trainer 10 Bit1 = Defeat Trainer 5 Bit2 = Defeat Trainer 9,wEventFlags+150,nearest_symbol,0xd7e0,RELOCATED,"dynamically confirmed: BizHawk WRAM 0x17E0 read 0x07 (bits 0-2, all 3 Route 14 trainers) at the end of the same run",,The Long Way Gauntlet,dynamic_confirmation
0xd7dc,WRAM,1,14,achievement,current;delta,bit1;bit2;bit3;bit4;bit5;bit6;bit7,UNMAPPED,True,Route 15 Bit1 = Defeat Trainer 6 Bit2 = Defeat Trainer 2 Bit3 = Defeat Trainer 8 Bit4 = Defeat Trainer 7 Bit5 = Defeat T,wEventFlags+151,nearest_symbol,0xd7e1,RELOCATED,"dynamically confirmed: BizHawk WRAM 0x17E1 read 0xFE (bits 1-7, all 7 Route 15 trainers) at the end of the same run; supersedes the prior DYNAMIC TEST REQUIRED (ambiguous-site) classification",,The Long Way Gauntlet,dynamic_confirmation
0xd7dd,WRAM,1,6,achievement,current;delta,bit0;bit1;bit2,UNMAPPED,True,Route 15 Bit0 = Defeat Trainer 4 Bit1 = Defeat Trainer 10 Bit2 = Defeat Trainer 9,wEventFlags+152,nearest_symbol,0xd7e2,RELOCATED,"dynamically confirmed: BizHawk WRAM 0x17E2 read 0x07 (bits 0-2, all 3 Route 15 trainers) at the end of the same run",,The Long Way Gauntlet,dynamic_confirmation
0xd7f5,WRAM,1,4,achievement,current;delta,bit0;bit7,UNMAPPED,True,Mt. Moon Bit0 = Get Dome Fossil Bit1 = Defeat Fossil Nerd Bit2 = Defeat Jessie and James 1 Bit3 = Defeat Team Rocket 1 B,wEventFlags+176,nearest_symbol,0xd7fa,RELOCATED,"ROM offset 0x19bf5 (bank 6): same opcode (0xfa) at the same site, operand changed from 0xd7f5 to 0xd7fa",Attack of the Prehistoric Pokemon:=1; Attack of the Prehistoric Pokemon:=0; Attack of the Prehistoric Pokemon:=1,Attack of the Prehistoric Pokemon,direct_rom_evidence
0xd81a,WRAM,1,2,achievement,current;delta,bit7,UNMAPPED,True,Rocket Game Corner - Underground 4th Bit2 = Defeat Jessie and James 2 Bit4 = Lift Key Ball showed up Bit6 = Defeat Team ,wEventFlags+213,nearest_symbol,0xd81f,RELOCATED,"ROM offset 0x45510 (bank 17): same opcode (0x21) at the same site, operand changed from 0xd81a to 0xd81f",Protect the World From Devastation:=1; Protect the World From Devastation:=0,Protect the World From Devastation,direct_rom_evidence
0xd82e,WRAM,1,2,achievement,current;delta,bit0,UNMAPPED,True,Saffron City Silph Co. Building 7th Bit0 = Defeat Rival 6 Bit5 = Defeat Team Rocket 12 Bit6 = Defeat Trainer 8 Bit7 = De,wEventFlags+233,nearest_symbol,0xd833,RELOCATED,"dynamically confirmed: BizHawk watch of Italian 0xd82e (same-address static-hit candidate) and 0xd833 (+5 candidate) across the Silph Co. rival event. 0xd82e stayed 0x00 throughout (ruled out — the earlier same-address static hit was a coincidental site match, not this field). 0xd833 went 0x00->0x01 (bit0 set) across the rival event sequence, matching the achievement's required event-bit state; exact +5 match",Do we REALLY have to do this now?:=1; Do we REALLY have to do this now?:=0,Do we REALLY have to do this now?,dynamic_confirmation
0xd837,WRAM,1,2,achievement,current;delta,bit7,UNMAPPED,True,Saffron City Silph Co. Building 10th Bit7 = Defeat Giovanni 2,wEventFlags+242,nearest_symbol,0xd83c,RELOCATED,"ROM offset 0x1a339 (bank 6): same opcode (0xfa) at the same site, operand changed from 0xd837 to 0xd83c",Extend Our Reach to the Stars Above:=1; Extend Our Reach to the Stars Above:=0,Extend Our Reach to the Stars Above,direct_rom_evidence
0xd862,WRAM,1,2,achievement,current;delta,bit1,UNMAPPED,True,Pokemon League Bit1 = Defeat Lorelei,wEventFlags+285,nearest_symbol,0xd867,RELOCATED,"ROM offset 0x19d6c (bank 6): same opcode (0x21) at the same site, operand changed from 0xd862 to 0xd867",,That's Shocking!,direct_rom_evidence
0xd863,WRAM,1,2,achievement,current;delta,bit1,UNMAPPED,True,Pokemon League Bit1 = Defeat Bruno,wEventFlags+286,nearest_symbol,0xd868,RELOCATED,"dynamically confirmed: BizHawk watch of Italian 0xd868 during an Elite Four run showed bit1 set after defeating Bruno, exactly matching this byte's bit1 mask; exact +5 match",,That's Shocking!,dynamic_confirmation
0xd864,WRAM,1,2,achievement,current;delta,bit1,UNMAPPED,True,Pokemon League Bit1 = Defeat Agatha,wEventFlags+287,nearest_symbol,0xd869,RELOCATED,"dynamically confirmed: BizHawk watch of Italian 0xd869 during the same Elite Four run showed bit1 set after defeating Agatha, exactly matching this byte's bit1 mask; exact +5 match. Adjacent control byte 0xd86a (Lance, already RELOCATED via static evidence) corroborated the run, progressing 0x00->0x02->0x42 across the same session",,That's Shocking!,dynamic_confirmation
0xd865,WRAM,1,2,achievement,current;delta,bit1,UNMAPPED,True,Pokemon League Bit1 = Defeat Lance,wEventFlags+288,nearest_symbol,0xd86a,RELOCATED,"ROM offset 0x5a267 (bank 22): same opcode (0xfa) at the same site, operand changed from 0xd865 to 0xd86a",,That's Shocking!,direct_rom_evidence
0xd866,WRAM,1,2,achievement,current;delta,bit1,UNMAPPED,True,Pokemon League Bit1 = Defeat Rival Final,wEventFlags+289,nearest_symbol,0xd86b,RELOCATED,dynamically confirmed: BizHawk watch of Italian 0xd86b during the same Elite Four run. Bit1 was already set during the pre-battle Rival sequence and remained set afterward -- NOT first set only upon victory as might be assumed from the achievement's delta condition; the byte's bit1 was observed set both before and after the final Rival battle in this run. Exact +5 match on address; the moment-of-set timing is not independently pinned down by this observation and should not be overstated,That's Shocking!:=0; That's Shocking!:=1,That's Shocking!,dynamic_confirmation
0xda40,WRAM,1,1,leaderboard,current,8-bit,RELOCATED,True,Hours,wPlayTimeHours,phase4_symbol,0xda45,RELOCATED,"resolved by Phase 4 (address_mapping.csv), corrected after source-symbol off-by-one fix (was mislabeled from vendor wram.asm's off-by-one address; see games/yellow/versions/english/status.json)",,Speedrun,direct_rom_evidence
0xda42,WRAM,1,1,leaderboard,current,8-bit,RELOCATED,True,Minutes,wPlayTimeMinutes,phase4_symbol,0xda47,RELOCATED,"resolved by Phase 4 (address_mapping.csv), corrected after source-symbol off-by-one fix (was mislabeled from vendor wram.asm's off-by-one address; see games/yellow/versions/english/status.json)",,Speedrun,direct_rom_evidence
0xda43,WRAM,1,1,leaderboard,current,8-bit,RELOCATED,True,Seconds,wPlayTimeSeconds,phase4_symbol,0xda48,RELOCATED,"resolved by Phase 4 (address_mapping.csv), corrected after source-symbol off-by-one fix (was mislabeled from vendor wram.asm's off-by-one address; see games/yellow/versions/english/status.json)",,Speedrun,direct_rom_evidence
0xda44,WRAM,1,1,leaderboard,current,8-bit,RELOCATED,True,Frames,wPlayTimeFrames,phase4_symbol,0xda49,RELOCATED,"resolved by Phase 4 (address_mapping.csv), corrected after source-symbol off-by-one fix (was mislabeled from vendor wram.asm's off-by-one address; see games/yellow/versions/english/status.json)",,Speedrun,direct_rom_evidence
0xfff5,HRAM,1,2,achievement,current,bit0;bit3,UNMAPPED,True,input,hOnCGB+1(past declared size 1),nearest_symbol,0xfff5,IDENTICAL,ROM offset 0xc026 (bank 3): identical LDH opcode+offset in both ROMs,Safari Perfectionist:=1; Safari Perfectionist:=1,Safari Perfectionist,direct_rom_evidence
